entry_id,Q4829,Q4830,Q4831,Q4832,Q4833,Q4834,Q4835,Q4836,Q4838,Q4849,Q4852,Q4853,Q4854,Q4855,Q4856,Q4858,weight
2116,0.0,1.0,1.0,0.0,0.0,0.0,0.0,1.0,1.0,1.0,1.0,0.0,0.0,0.0,0.0,1.0,1.0
2114,0.0,1.0,1.0,0.0,0.0,0.0,0.0,1.0,1.0,1.0,1.0,0.0,0.0,0.0,0.0,1.0,1.0
2111,0.0,1.0,1.0,0.0,0.0,0.0,0.0,1.0,1.0,1.0,1.0,1.0,0.0,0.0,1.0,1.0,1.0
2100,0.0,1.0,0.0,0.0,0.0,0.0,0.0,1.0,1.0,1.0,0.0,1.0,1.0,1.0,0.0,1.0,1.0
2094,1.0,1.0,0.0,0.0,0.0,1.0,,,1.0,1.0,0.0,1.0,1.0,1.0,1.0,,1.0
2089,0.0,1.0,1.0,0.0,0.0,0.0,0.0,1.0,1.0,1.0,0.0,1.0,1.0,0.0,0.0,1.0,1.0
2074,0.0,1.0,0.0,1.0,0.0,0.0,0.0,1.0,1.0,0.0,0.0,1.0,1.0,0.0,0.0,0.0,1.0
2069,0.0,1.0,1.0,0.0,0.0,0.0,0.0,1.0,1.0,1.0,1.0,1.0,1.0,0.0,0.0,1.0,1.0
2048,0.0,1.0,0.0,1.0,0.0,0.0,1.0,1.0,1.0,1.0,0.0,1.0,1.0,0.0,0.0,1.0,1.0
2038,,1.0,0.0,0.0,0.0,0.0,0.0,1.0,1.0,,,1.0,0.0,0.0,0.0,,1.0
2031,0.0,0.0,0.0,0.0,0.0,0.0,1.0,1.0,1.0,1.0,0.0,1.0,1.0,1.0,1.0,1.0,1.0
2027,0.0,0.0,0.0,0.0,0.0,0.0,0.0,,1.0,1.0,1.0,,,,0.0,,1.0
2023,0.0,0.0,0.0,0.0,1.0,0.0,0.0,1.0,1.0,1.0,0.0,1.0,1.0,1.0,0.0,1.0,1.0
2021,1.0,1.0,0.0,0.0,0.0,0.0,0.0,1.0,1.0,1.0,1.0,0.0,0.0,0.0,0.0,1.0,1.0
2016,0.0,0.0,0.0,0.0,0.0,0.0,1.0,1.0,1.0,1.0,0.0,1.0,1.0,1.0,1.0,1.0,1.0
2009,1.0,1.0,1.0,0.0,0.0,1.0,0.0,0.0,1.0,1.0,1.0,1.0,1.0,1.0,1.0,1.0,1.0
1993,1.0,1.0,1.0,0.0,0.0,0.0,0.0,0.0,1.0,1.0,1.0,1.0,1.0,,1.0,1.0,1.0
1985,0.0,0.0,0.0,0.0,0.0,0.0,0.0,1.0,1.0,1.0,0.0,,,0.0,0.0,1.0,1.0
1983,,1.0,0.0,0.0,0.0,0.0,0.0,,1.0,,,,,0.0,1.0,1.0,1.0
1972,1.0,0.0,0.0,0.0,0.0,0.0,0.0,1.0,1.0,1.0,1.0,1.0,1.0,0.0,0.0,1.0,1.0
1961,1.0,1.0,0.0,0.0,1.0,0.0,0.0,1.0,1.0,1.0,1.0,1.0,1.0,1.0,0.0,1.0,1.0
1943,0.0,,,0.0,0.0,0.0,1.0,1.0,0.0,0.0,1.0,0.0,0.0,0.0,0.0,0.0,1.0
1940,1.0,1.0,0.0,0.0,1.0,0.0,0.0,1.0,1.0,1.0,1.0,1.0,1.0,0.0,0.0,1.0,1.0
1928,0.0,1.0,0.0,0.0,0.0,0.0,0.0,1.0,1.0,1.0,1.0,1.0,1.0,0.0,0.0,1.0,1.0
1908,1.0,1.0,0.0,0.0,1.0,0.0,0.0,1.0,1.0,1.0,1.0,1.0,0.0,0.0,1.0,1.0,1.0
1904,0.0,0.0,1.0,0.0,0.0,0.0,1.0,1.0,1.0,1.0,1.0,1.0,1.0,1.0,0.0,1.0,1.0
1903,,0.0,0.0,0.0,0.0,0.0,1.0,1.0,1.0,1.0,1.0,,0.0,0.0,0.0,1.0,1.0
1897,1.0,1.0,0.0,0.0,1.0,0.0,0.0,1.0,1.0,1.0,0.0,1.0,1.0,0.0,0.0,1.0,1.0
1872,1.0,1.0,0.0,0.0,1.0,0.0,0.0,1.0,1.0,1.0,1.0,1.0,1.0,0.0,0.0,1.0,1.0
1869,1.0,1.0,0.0,1.0,1.0,0.0,0.0,1.0,1.0,1.0,1.0,1.0,1.0,1.0,1.0,1.0,1.0
1858,0.0,0.0,0.0,0.0,0.0,0.0,0.0,1.0,1.0,1.0,0.0,1.0,0.0,0.0,0.0,,1.0
1845,1.0,0.0,0.0,0.0,0.0,0.0,0.0,1.0,1.0,1.0,1.0,1.0,0.0,0.0,0.0,1.0,1.0
1835,1.0,1.0,0.0,0.0,0.0,0.0,0.0,1.0,1.0,1.0,0.0,1.0,1.0,0.0,0.0,1.0,1.0
1829,1.0,1.0,0.0,0.0,0.0,0.0,0.0,1.0,1.0,1.0,1.0,1.0,0.0,0.0,0.0,1.0,1.0
1820,1.0,1.0,0.0,0.0,0.0,0.0,0.0,1.0,1.0,1.0,0.0,1.0,1.0,0.0,0.0,1.0,1.0
1808,0.0,1.0,0.0,0.0,0.0,0.0,0.0,1.0,1.0,1.0,1.0,,0.0,0.0,0.0,1.0,1.0
1805,0.0,1.0,1.0,0.0,0.0,0.0,0.0,1.0,1.0,1.0,1.0,1.0,1.0,0.0,0.0,1.0,1.0
1791,0.0,1.0,1.0,0.0,0.0,0.0,0.0,1.0,1.0,1.0,1.0,1.0,1.0,1.0,0.0,1.0,1.0
1780,0.0,1.0,0.0,0.0,0.0,0.0,1.0,1.0,1.0,1.0,0.0,1.0,0.0,1.0,1.0,1.0,1.0
1779,0.0,1.0,0.0,0.0,0.0,0.0,,1.0,1.0,1.0,0.0,1.0,1.0,1.0,0.0,1.0,1.0
1777,1.0,1.0,0.0,0.0,0.0,0.0,,1.0,1.0,1.0,0.0,1.0,1.0,1.0,1.0,1.0,1.0
1776,1.0,1.0,1.0,1.0,0.0,0.0,0.0,1.0,1.0,1.0,0.0,1.0,1.0,1.0,0.0,1.0,1.0
1774,0.0,1.0,1.0,0.0,0.0,0.0,0.0,1.0,1.0,1.0,0.0,1.0,1.0,1.0,0.0,1.0,1.0
1759,0.0,1.0,1.0,0.0,0.0,0.0,0.0,1.0,1.0,1.0,1.0,1.0,1.0,1.0,0.0,1.0,1.0
1741,1.0,1.0,1.0,1.0,1.0,1.0,0.0,1.0,1.0,1.0,1.0,1.0,0.0,0.0,0.0,1.0,1.0
1737,0.0,1.0,1.0,0.0,1.0,1.0,0.0,1.0,1.0,1.0,1.0,1.0,1.0,1.0,0.0,1.0,1.0
1714,1.0,0.0,1.0,0.0,0.0,0.0,0.0,0.0,1.0,1.0,,1.0,1.0,0.0,,1.0,1.0
1709,0.0,0.0,0.0,0.0,0.0,0.0,1.0,1.0,1.0,1.0,1.0,0.0,0.0,0.0,0.0,1.0,1.0
1708,0.0,1.0,1.0,0.0,0.0,0.0,0.0,1.0,1.0,1.0,1.0,1.0,1.0,0.0,0.0,1.0,1.0
1703,,1.0,0.0,0.0,0.0,0.0,0.0,,1.0,,,,,0.0,0.0,1.0,1.0
1701,1.0,0.0,0.0,0.0,0.0,0.0,0.0,1.0,1.0,1.0,1.0,1.0,1.0,0.0,0.0,1.0,1.0
1697,1.0,0.0,0.0,0.0,0.0,0.0,1.0,1.0,1.0,1.0,1.0,1.0,1.0,1.0,0.0,1.0,1.0
1694,0.0,1.0,0.0,0.0,0.0,0.0,0.0,1.0,1.0,1.0,0.0,1.0,0.0,0.0,0.0,0.0,1.0
1690,1.0,1.0,0.0,0.0,0.0,0.0,0.0,1.0,1.0,1.0,0.0,1.0,0.0,0.0,0.0,1.0,1.0
1689,0.0,0.0,0.0,0.0,0.0,0.0,0.0,1.0,1.0,1.0,1.0,1.0,0.0,0.0,0.0,1.0,1.0
1688,1.0,0.0,0.0,0.0,0.0,0.0,0.0,1.0,1.0,1.0,1.0,1.0,1.0,0.0,0.0,1.0,1.0
1677,1.0,1.0,0.0,0.0,0.0,0.0,0.0,0.0,1.0,1.0,1.0,1.0,1.0,1.0,1.0,1.0,1.0
1667,0.0,0.0,0.0,0.0,0.0,0.0,0.0,,,,,,,,,,1.0
1654,0.0,1.0,1.0,0.0,0.0,0.0,0.0,1.0,1.0,1.0,1.0,1.0,1.0,0.0,0.0,0.0,1.0
1653,1.0,0.0,0.0,0.0,0.0,0.0,1.0,,1.0,1.0,1.0,0.0,,0.0,0.0,1.0,1.0
1607,0.0,0.0,0.0,0.0,0.0,0.0,0.0,1.0,1.0,1.0,1.0,1.0,1.0,,0.0,1.0,1.0
1582,1.0,1.0,0.0,0.0,0.0,1.0,1.0,1.0,1.0,1.0,1.0,1.0,1.0,1.0,1.0,1.0,1.0
1574,1.0,1.0,0.0,0.0,0.0,0.0,1.0,0.0,1.0,1.0,,1.0,1.0,1.0,1.0,1.0,1.0
1570,0.0,0.0,0.0,0.0,0.0,0.0,0.0,1.0,1.0,1.0,0.0,1.0,0.0,0.0,0.0,0.0,1.0
1555,0.0,1.0,0.0,0.0,1.0,0.0,0.0,1.0,1.0,1.0,1.0,1.0,1.0,0.0,0.0,1.0,1.0
1544,1.0,1.0,0.0,0.0,0.0,0.0,0.0,1.0,1.0,1.0,1.0,1.0,1.0,0.0,1.0,1.0,1.0
1535,0.0,1.0,0.0,0.0,0.0,0.0,0.0,1.0,1.0,1.0,1.0,1.0,1.0,0.0,0.0,1.0,1.0
1522,0.0,0.0,0.0,0.0,1.0,0.0,1.0,1.0,1.0,1.0,1.0,1.0,1.0,0.0,0.0,1.0,1.0
1521,1.0,0.0,0.0,0.0,0.0,0.0,0.0,1.0,1.0,1.0,1.0,1.0,0.0,0.0,1.0,1.0,1.0
1517,0.0,1.0,0.0,0.0,0.0,0.0,0.0,1.0,1.0,1.0,0.0,1.0,1.0,0.0,0.0,1.0,1.0
1511,0.0,0.0,0.0,0.0,0.0,0.0,0.0,0.0,1.0,1.0,,,,0.0,0.0,,1.0
1488,,1.0,,,,,,,,1.0,1.0,1.0,1.0,,,1.0,1.0
1469,,1.0,0.0,0.0,0.0,1.0,0.0,,,1.0,,,,,1.0,1.0,1.0
1468,0.0,0.0,0.0,0.0,0.0,0.0,0.0,1.0,1.0,0.0,0.0,,,0.0,0.0,,1.0
1466,0.0,0.0,0.0,0.0,0.0,0.0,0.0,,1.0,1.0,1.0,,,,0.0,,1.0
1454,1.0,0.0,0.0,0.0,0.0,0.0,0.0,1.0,1.0,1.0,0.0,1.0,0.0,0.0,0.0,1.0,1.0
1434,1.0,0.0,1.0,,,,,,1.0,1.0,1.0,,1.0,,,0.0,1.0
1426,1.0,1.0,0.0,0.0,0.0,0.0,0.0,1.0,1.0,1.0,1.0,1.0,1.0,0.0,1.0,1.0,1.0
1419,1.0,1.0,1.0,1.0,1.0,0.0,0.0,1.0,1.0,1.0,1.0,1.0,1.0,1.0,1.0,1.0,1.0
1415,1.0,0.0,0.0,0.0,0.0,0.0,0.0,1.0,1.0,1.0,,1.0,0.0,0.0,1.0,,1.0
1412,0.0,0.0,0.0,0.0,0.0,0.0,0.0,1.0,1.0,1.0,0.0,1.0,0.0,0.0,0.0,1.0,1.0
1404,0.0,1.0,0.0,0.0,,,1.0,,,,,,,,1.0,,1.0
1399,1.0,1.0,0.0,0.0,,0.0,,0.0,1.0,1.0,1.0,,,,1.0,1.0,1.0
1396,1.0,1.0,1.0,0.0,1.0,0.0,0.0,,1.0,1.0,1.0,1.0,1.0,1.0,1.0,1.0,1.0
1392,0.0,0.0,0.0,1.0,,0.0,1.0,1.0,1.0,1.0,,,,0.0,0.0,1.0,1.0
1376,1.0,0.0,0.0,0.0,0.0,0.0,1.0,1.0,1.0,0.0,,1.0,1.0,0.0,0.0,1.0,1.0
1374,1.0,0.0,0.0,0.0,0.0,0.0,1.0,1.0,1.0,1.0,1.0,0.0,0.0,0.0,0.0,1.0,1.0
1371,0.0,0.0,0.0,0.0,0.0,0.0,0.0,1.0,1.0,1.0,1.0,0.0,0.0,0.0,0.0,1.0,1.0
1357,1.0,1.0,0.0,0.0,0.0,0.0,0.0,1.0,1.0,1.0,1.0,,,1.0,1.0,,1.0
1352,1.0,1.0,0.0,0.0,0.0,1.0,0.0,0.0,1.0,1.0,1.0,1.0,1.0,1.0,1.0,1.0,1.0
1349,1.0,0.0,0.0,,0.0,0.0,,,1.0,1.0,1.0,1.0,1.0,0.0,1.0,1.0,1.0
1348,0.0,0.0,0.0,0.0,0.0,0.0,0.0,1.0,1.0,1.0,1.0,1.0,1.0,0.0,0.0,1.0,1.0
1341,0.0,1.0,0.0,0.0,0.0,0.0,0.0,1.0,1.0,1.0,1.0,1.0,1.0,0.0,0.0,1.0,1.0
1340,1.0,0.0,0.0,0.0,0.0,0.0,1.0,1.0,1.0,1.0,1.0,1.0,1.0,1.0,1.0,1.0,1.0
1335,1.0,0.0,0.0,1.0,0.0,0.0,0.0,1.0,1.0,1.0,1.0,0.0,0.0,0.0,0.0,1.0,1.0
1334,1.0,0.0,0.0,0.0,0.0,0.0,0.0,1.0,1.0,1.0,0.0,1.0,1.0,0.0,0.0,1.0,1.0
1333,1.0,0.0,0.0,0.0,0.0,0.0,1.0,1.0,1.0,1.0,1.0,1.0,1.0,0.0,0.0,1.0,1.0
1322,1.0,1.0,0.0,0.0,0.0,0.0,0.0,0.0,1.0,1.0,1.0,1.0,1.0,1.0,1.0,1.0,1.0
1321,0.0,0.0,0.0,0.0,0.0,0.0,1.0,1.0,1.0,1.0,0.0,1.0,1.0,0.0,0.0,1.0,1.0
1312,1.0,0.0,0.0,0.0,0.0,0.0,0.0,1.0,1.0,1.0,1.0,1.0,,,1.0,,1.0
1311,1.0,1.0,0.0,0.0,0.0,0.0,0.0,1.0,1.0,1.0,0.0,1.0,1.0,0.0,0.0,1.0,1.0
1309,1.0,1.0,0.0,0.0,0.0,0.0,0.0,1.0,1.0,1.0,1.0,1.0,1.0,0.0,0.0,1.0,1.0
1308,,1.0,0.0,0.0,0.0,0.0,0.0,,1.0,1.0,1.0,1.0,1.0,0.0,0.0,,1.0
1307,0.0,0.0,0.0,0.0,0.0,0.0,0.0,1.0,1.0,1.0,1.0,1.0,1.0,0.0,0.0,1.0,1.0
1304,0.0,0.0,0.0,0.0,0.0,0.0,0.0,1.0,1.0,0.0,1.0,1.0,0.0,0.0,1.0,0.0,1.0
1300,1.0,1.0,0.0,0.0,0.0,0.0,0.0,1.0,1.0,1.0,1.0,1.0,1.0,1.0,1.0,1.0,1.0
1295,0.0,0.0,0.0,0.0,0.0,0.0,0.0,1.0,1.0,1.0,1.0,1.0,1.0,0.0,0.0,1.0,1.0
1293,0.0,1.0,0.0,,,0.0,1.0,1.0,1.0,1.0,1.0,1.0,1.0,0.0,0.0,1.0,1.0
1289,0.0,0.0,0.0,0.0,0.0,1.0,0.0,,,1.0,1.0,,,,0.0,0.0,1.0
1288,1.0,0.0,0.0,0.0,0.0,0.0,0.0,0.0,1.0,1.0,1.0,1.0,1.0,1.0,1.0,1.0,1.0
1284,,,0.0,0.0,0.0,0.0,0.0,,1.0,,,,,,1.0,,1.0
1283,0.0,0.0,0.0,0.0,0.0,0.0,0.0,1.0,1.0,1.0,1.0,0.0,0.0,0.0,,0.0,1.0
1279,0.0,0.0,0.0,0.0,0.0,0.0,0.0,0.0,0.0,1.0,,,,,,,1.0
1268,,1.0,1.0,0.0,0.0,0.0,,,1.0,1.0,1.0,1.0,1.0,,,,1.0
1263,,1.0,0.0,0.0,0.0,0.0,,,,,,,,,,,1.0
1259,0.0,1.0,0.0,0.0,1.0,0.0,0.0,0.0,1.0,1.0,1.0,0.0,0.0,0.0,1.0,0.0,1.0
1258,1.0,0.0,0.0,0.0,0.0,0.0,0.0,1.0,1.0,1.0,,1.0,1.0,0.0,0.0,1.0,1.0
1257,1.0,1.0,0.0,0.0,0.0,,1.0,,1.0,,,,,,1.0,1.0,1.0
1250,1.0,0.0,0.0,0.0,0.0,0.0,0.0,1.0,1.0,1.0,,1.0,1.0,0.0,0.0,1.0,1.0
1248,1.0,0.0,0.0,0.0,0.0,0.0,0.0,1.0,1.0,1.0,0.0,1.0,1.0,1.0,1.0,1.0,1.0
1247,1.0,1.0,0.0,0.0,0.0,0.0,0.0,1.0,1.0,1.0,1.0,1.0,1.0,0.0,0.0,1.0,1.0
1246,,1.0,1.0,0.0,0.0,,,,,1.0,1.0,,,,,0.0,1.0
1241,1.0,1.0,1.0,0.0,0.0,1.0,0.0,1.0,1.0,1.0,1.0,1.0,1.0,0.0,0.0,1.0,1.0
1240,,0.0,0.0,0.0,,,,,,0.0,1.0,,,,,1.0,1.0
1234,,1.0,0.0,0.0,,,,,,0.0,1.0,,,,1.0,0.0,1.0
1231,1.0,0.0,0.0,1.0,1.0,0.0,0.0,,1.0,,,,,,,,1.0
1229,1.0,0.0,0.0,0.0,0.0,0.0,0.0,1.0,1.0,1.0,1.0,1.0,1.0,0.0,0.0,1.0,1.0
1227,1.0,0.0,,0.0,0.0,0.0,,,1.0,1.0,,,,,1.0,1.0,1.0
1218,1.0,1.0,0.0,0.0,0.0,0.0,0.0,1.0,1.0,1.0,1.0,1.0,0.0,0.0,1.0,1.0,1.0
1210,1.0,1.0,0.0,0.0,0.0,,,,,0.0,1.0,,,,,1.0,1.0
1192,0.0,1.0,0.0,0.0,0.0,0.0,0.0,1.0,1.0,1.0,1.0,1.0,1.0,1.0,1.0,1.0,1.0
1190,0.0,0.0,0.0,0.0,0.0,0.0,,0.0,1.0,1.0,1.0,0.0,0.0,0.0,1.0,,1.0
1189,1.0,1.0,0.0,0.0,0.0,0.0,1.0,1.0,1.0,1.0,1.0,1.0,1.0,,1.0,1.0,1.0
1187,1.0,0.0,0.0,0.0,0.0,0.0,0.0,0.0,1.0,1.0,,,,,1.0,,1.0
1183,1.0,1.0,0.0,0.0,0.0,0.0,,0.0,1.0,1.0,,1.0,1.0,1.0,1.0,1.0,1.0
1180,1.0,1.0,0.0,1.0,1.0,1.0,1.0,1.0,1.0,1.0,1.0,1.0,1.0,1.0,1.0,1.0,1.0
1178,0.0,1.0,0.0,0.0,0.0,0.0,,1.0,1.0,1.0,1.0,0.0,0.0,0.0,1.0,0.0,1.0
1175,,,,,,0.0,,,,,,,,,1.0,,1.0
1172,1.0,1.0,0.0,0.0,0.0,1.0,0.0,1.0,1.0,1.0,1.0,1.0,0.0,0.0,1.0,1.0,1.0
1162,1.0,0.0,0.0,0.0,0.0,0.0,0.0,0.0,1.0,1.0,1.0,,,,1.0,1.0,1.0
1149,1.0,1.0,0.0,0.0,,0.0,0.0,1.0,1.0,1.0,1.0,1.0,1.0,0.0,0.0,1.0,1.0
1140,1.0,1.0,0.0,0.0,1.0,0.0,0.0,1.0,1.0,1.0,1.0,1.0,1.0,1.0,1.0,1.0,1.0
1134,,0.0,0.0,0.0,0.0,0.0,0.0,1.0,1.0,0.0,1.0,1.0,1.0,0.0,1.0,1.0,1.0
1133,1.0,1.0,1.0,1.0,1.0,,,1.0,1.0,1.0,1.0,,,,1.0,1.0,1.0
1129,1.0,1.0,1.0,0.0,0.0,1.0,0.0,0.0,1.0,1.0,1.0,1.0,1.0,,1.0,1.0,1.0
1127,1.0,0.0,0.0,0.0,0.0,0.0,0.0,1.0,1.0,1.0,1.0,1.0,1.0,0.0,0.0,1.0,1.0
1125,1.0,1.0,1.0,1.0,1.0,0.0,1.0,1.0,1.0,1.0,1.0,1.0,1.0,0.0,1.0,1.0,1.0
1109,1.0,0.0,0.0,0.0,0.0,1.0,0.0,0.0,1.0,1.0,1.0,0.0,0.0,0.0,1.0,0.0,1.0
1108,1.0,1.0,0.0,0.0,0.0,0.0,0.0,1.0,1.0,1.0,1.0,1.0,1.0,0.0,0.0,1.0,1.0
1101,1.0,1.0,0.0,0.0,0.0,1.0,,1.0,,,,,,,1.0,,1.0
1095,,,,0.0,0.0,0.0,,1.0,1.0,,1.0,,,,,1.0,1.0
1087,1.0,1.0,0.0,0.0,0.0,0.0,0.0,1.0,1.0,1.0,0.0,1.0,1.0,0.0,,1.0,1.0
1076,0.0,1.0,0.0,0.0,0.0,0.0,1.0,1.0,1.0,1.0,1.0,1.0,1.0,0.0,1.0,1.0,1.0
1069,1.0,1.0,0.0,1.0,1.0,1.0,,1.0,1.0,1.0,1.0,1.0,1.0,1.0,1.0,1.0,1.0
1051,1.0,1.0,0.0,0.0,1.0,0.0,0.0,0.0,1.0,1.0,,1.0,1.0,0.0,1.0,1.0,1.0
1044,0.0,1.0,0.0,0.0,0.0,0.0,0.0,0.0,,0.0,1.0,0.0,0.0,0.0,1.0,0.0,1.0
1043,0.0,0.0,0.0,0.0,0.0,0.0,0.0,1.0,1.0,1.0,,,,,,,1.0
1041,1.0,1.0,0.0,0.0,0.0,0.0,0.0,1.0,1.0,1.0,1.0,1.0,1.0,0.0,0.0,1.0,1.0
1038,0.0,0.0,0.0,0.0,0.0,0.0,0.0,1.0,1.0,1.0,0.0,0.0,0.0,0.0,0.0,1.0,1.0
1037,1.0,1.0,0.0,1.0,1.0,0.0,0.0,0.0,1.0,1.0,,1.0,1.0,1.0,1.0,1.0,1.0
1031,0.0,1.0,0.0,0.0,0.0,0.0,0.0,1.0,,,1.0,1.0,0.0,0.0,1.0,0.0,1.0
1028,0.0,,0.0,1.0,0.0,0.0,0.0,1.0,1.0,1.0,1.0,0.0,0.0,0.0,0.0,0.0,1.0
1024,1.0,0.0,0.0,1.0,0.0,0.0,0.0,1.0,1.0,0.0,0.0,0.0,0.0,0.0,0.0,1.0,1.0
1013,0.0,1.0,0.0,0.0,1.0,0.0,0.0,1.0,1.0,1.0,1.0,1.0,1.0,0.0,1.0,1.0,1.0
1012,1.0,0.0,0.0,0.0,0.0,0.0,0.0,1.0,1.0,1.0,1.0,1.0,1.0,0.0,1.0,1.0,1.0
1011,1.0,1.0,0.0,0.0,0.0,0.0,,0.0,1.0,1.0,,1.0,1.0,1.0,1.0,1.0,1.0
1004,1.0,1.0,0.0,0.0,0.0,0.0,0.0,0.0,1.0,1.0,,1.0,1.0,1.0,1.0,1.0,1.0
995,1.0,0.0,0.0,0.0,0.0,0.0,0.0,1.0,1.0,1.0,1.0,1.0,0.0,0.0,0.0,0.0,1.0
994,1.0,0.0,0.0,0.0,0.0,0.0,0.0,1.0,1.0,1.0,1.0,1.0,1.0,0.0,0.0,1.0,1.0
993,1.0,1.0,0.0,0.0,1.0,1.0,0.0,1.0,1.0,1.0,1.0,1.0,1.0,1.0,1.0,1.0,1.0
989,0.0,0.0,0.0,0.0,0.0,0.0,0.0,1.0,1.0,1.0,1.0,1.0,0.0,0.0,0.0,1.0,1.0
988,0.0,0.0,0.0,0.0,0.0,0.0,0.0,1.0,1.0,1.0,1.0,1.0,1.0,0.0,0.0,1.0,1.0
987,0.0,1.0,0.0,0.0,1.0,0.0,0.0,1.0,1.0,0.0,1.0,0.0,0.0,0.0,1.0,1.0,1.0
986,0.0,0.0,0.0,0.0,1.0,0.0,0.0,1.0,0.0,0.0,1.0,0.0,0.0,0.0,1.0,0.0,1.0
985,1.0,0.0,0.0,0.0,0.0,0.0,0.0,1.0,1.0,1.0,1.0,1.0,1.0,0.0,0.0,1.0,1.0
984,0.0,0.0,0.0,0.0,0.0,0.0,0.0,1.0,1.0,1.0,1.0,1.0,1.0,0.0,0.0,1.0,1.0
982,1.0,0.0,0.0,0.0,0.0,0.0,0.0,1.0,1.0,1.0,1.0,1.0,1.0,0.0,0.0,1.0,1.0
981,1.0,0.0,0.0,0.0,0.0,0.0,0.0,1.0,1.0,1.0,1.0,1.0,1.0,1.0,0.0,1.0,1.0
980,1.0,1.0,0.0,0.0,0.0,0.0,0.0,1.0,1.0,1.0,0.0,1.0,0.0,0.0,0.0,0.0,1.0
978,1.0,1.0,0.0,0.0,0.0,0.0,0.0,1.0,1.0,1.0,1.0,1.0,1.0,1.0,0.0,1.0,1.0
977,0.0,0.0,0.0,0.0,0.0,0.0,1.0,1.0,1.0,1.0,0.0,0.0,0.0,0.0,0.0,1.0,1.0
976,0.0,0.0,0.0,0.0,0.0,0.0,0.0,1.0,1.0,1.0,0.0,1.0,1.0,0.0,1.0,1.0,1.0
975,1.0,0.0,0.0,0.0,0.0,0.0,0.0,1.0,1.0,1.0,0.0,1.0,1.0,0.0,0.0,1.0,1.0
974,1.0,0.0,0.0,0.0,0.0,0.0,0.0,1.0,1.0,1.0,1.0,0.0,0.0,0.0,0.0,1.0,1.0
973,0.0,1.0,1.0,1.0,1.0,0.0,1.0,1.0,1.0,0.0,1.0,1.0,1.0,1.0,1.0,1.0,1.0
972,1.0,1.0,0.0,1.0,0.0,0.0,0.0,1.0,1.0,1.0,1.0,1.0,1.0,0.0,0.0,1.0,1.0
971,1.0,0.0,0.0,0.0,0.0,0.0,1.0,0.0,1.0,1.0,0.0,1.0,0.0,1.0,1.0,1.0,1.0
970,1.0,0.0,0.0,1.0,1.0,0.0,0.0,1.0,1.0,1.0,1.0,1.0,1.0,0.0,1.0,1.0,1.0
968,0.0,0.0,0.0,0.0,0.0,0.0,0.0,1.0,1.0,1.0,1.0,1.0,1.0,0.0,0.0,1.0,1.0
966,0.0,0.0,1.0,0.0,0.0,0.0,1.0,1.0,1.0,1.0,1.0,1.0,0.0,0.0,0.0,1.0,1.0
965,0.0,0.0,0.0,0.0,0.0,0.0,0.0,1.0,1.0,1.0,1.0,1.0,1.0,0.0,0.0,1.0,1.0
964,1.0,0.0,0.0,0.0,0.0,0.0,0.0,0.0,1.0,1.0,1.0,1.0,1.0,0.0,1.0,1.0,1.0
963,1.0,0.0,0.0,0.0,0.0,0.0,0.0,1.0,1.0,1.0,0.0,1.0,1.0,0.0,0.0,1.0,1.0
961,1.0,1.0,0.0,0.0,0.0,0.0,0.0,1.0,1.0,1.0,0.0,1.0,1.0,0.0,0.0,1.0,1.0
958,1.0,0.0,0.0,0.0,0.0,0.0,0.0,1.0,1.0,1.0,1.0,1.0,1.0,0.0,0.0,1.0,1.0
957,1.0,1.0,0.0,0.0,0.0,1.0,,0.0,1.0,1.0,1.0,1.0,1.0,,1.0,1.0,1.0
953,0.0,0.0,0.0,0.0,0.0,0.0,0.0,1.0,1.0,1.0,1.0,1.0,0.0,0.0,1.0,1.0,1.0
950,0.0,0.0,0.0,0.0,0.0,0.0,0.0,1.0,1.0,1.0,0.0,0.0,0.0,0.0,0.0,1.0,1.0
948,1.0,1.0,0.0,0.0,0.0,0.0,0.0,1.0,1.0,1.0,1.0,1.0,1.0,0.0,0.0,1.0,1.0
944,1.0,1.0,0.0,0.0,0.0,0.0,0.0,1.0,1.0,1.0,,1.0,1.0,,1.0,1.0,1.0
943,1.0,1.0,0.0,0.0,0.0,0.0,0.0,1.0,1.0,1.0,1.0,1.0,1.0,0.0,0.0,1.0,1.0
942,1.0,0.0,0.0,0.0,0.0,0.0,0.0,1.0,1.0,1.0,0.0,1.0,1.0,0.0,0.0,1.0,1.0
941,1.0,0.0,0.0,0.0,0.0,0.0,0.0,1.0,1.0,,,1.0,,,1.0,,1.0
938,1.0,1.0,0.0,0.0,0.0,1.0,0.0,1.0,1.0,1.0,1.0,1.0,1.0,1.0,1.0,1.0,1.0
937,1.0,1.0,0.0,1.0,1.0,0.0,1.0,1.0,1.0,1.0,1.0,1.0,1.0,1.0,1.0,1.0,1.0
935,1.0,0.0,0.0,0.0,0.0,0.0,0.0,1.0,1.0,1.0,1.0,1.0,1.0,0.0,0.0,1.0,1.0
933,0.0,1.0,0.0,0.0,0.0,0.0,0.0,1.0,1.0,1.0,1.0,1.0,0.0,0.0,0.0,1.0,1.0
931,1.0,1.0,0.0,0.0,0.0,0.0,0.0,1.0,1.0,1.0,1.0,1.0,1.0,0.0,0.0,1.0,1.0
927,0.0,0.0,0.0,1.0,0.0,0.0,0.0,1.0,1.0,1.0,1.0,1.0,1.0,0.0,0.0,1.0,1.0
925,1.0,1.0,0.0,0.0,0.0,0.0,1.0,1.0,1.0,1.0,1.0,1.0,1.0,0.0,0.0,1.0,1.0
921,1.0,0.0,0.0,0.0,0.0,0.0,1.0,0.0,1.0,1.0,1.0,1.0,1.0,0.0,1.0,1.0,1.0
919,1.0,0.0,0.0,0.0,0.0,0.0,0.0,1.0,1.0,1.0,1.0,1.0,1.0,1.0,0.0,1.0,1.0
915,1.0,0.0,0.0,0.0,0.0,0.0,0.0,1.0,1.0,1.0,1.0,1.0,1.0,0.0,0.0,1.0,1.0
914,1.0,1.0,0.0,0.0,0.0,0.0,0.0,1.0,1.0,1.0,1.0,1.0,1.0,0.0,0.0,0.0,1.0
910,1.0,1.0,0.0,0.0,0.0,0.0,0.0,1.0,1.0,1.0,1.0,1.0,1.0,1.0,0.0,1.0,1.0
908,1.0,1.0,0.0,0.0,0.0,0.0,0.0,1.0,,,,1.0,1.0,,0.0,1.0,1.0
906,1.0,0.0,0.0,0.0,0.0,0.0,0.0,1.0,1.0,1.0,1.0,1.0,1.0,0.0,0.0,1.0,1.0
900,0.0,0.0,0.0,0.0,0.0,0.0,0.0,1.0,1.0,1.0,1.0,1.0,1.0,0.0,0.0,1.0,1.0
899,0.0,0.0,0.0,0.0,0.0,0.0,1.0,1.0,1.0,1.0,0.0,0.0,0.0,0.0,0.0,1.0,1.0
898,1.0,1.0,0.0,1.0,0.0,0.0,0.0,1.0,1.0,1.0,1.0,1.0,0.0,1.0,1.0,1.0,1.0
897,1.0,1.0,0.0,0.0,0.0,0.0,0.0,1.0,1.0,1.0,1.0,1.0,0.0,0.0,1.0,0.0,1.0
896,1.0,0.0,0.0,0.0,0.0,0.0,0.0,1.0,1.0,1.0,1.0,1.0,1.0,0.0,1.0,1.0,1.0
894,1.0,0.0,0.0,0.0,0.0,0.0,0.0,1.0,1.0,1.0,1.0,1.0,1.0,0.0,0.0,1.0,1.0
893,0.0,0.0,0.0,0.0,0.0,0.0,0.0,0.0,0.0,0.0,1.0,0.0,0.0,0.0,1.0,0.0,1.0
892,1.0,0.0,0.0,0.0,0.0,0.0,0.0,1.0,1.0,1.0,1.0,1.0,1.0,0.0,0.0,1.0,1.0
891,1.0,0.0,0.0,0.0,0.0,1.0,1.0,1.0,1.0,1.0,1.0,1.0,1.0,1.0,1.0,1.0,1.0
888,1.0,1.0,0.0,0.0,0.0,0.0,1.0,1.0,1.0,1.0,1.0,1.0,1.0,0.0,1.0,1.0,1.0
887,0.0,1.0,0.0,0.0,0.0,1.0,,0.0,,1.0,1.0,,1.0,0.0,1.0,,1.0
886,1.0,0.0,0.0,0.0,0.0,0.0,0.0,1.0,1.0,1.0,1.0,1.0,1.0,1.0,1.0,1.0,1.0
885,1.0,1.0,0.0,1.0,0.0,0.0,1.0,1.0,1.0,1.0,1.0,1.0,1.0,1.0,1.0,1.0,1.0
884,0.0,0.0,0.0,0.0,0.0,0.0,0.0,1.0,1.0,1.0,0.0,1.0,1.0,0.0,0.0,1.0,1.0
883,1.0,1.0,0.0,0.0,0.0,0.0,0.0,1.0,1.0,1.0,1.0,1.0,1.0,0.0,0.0,1.0,1.0
882,1.0,1.0,0.0,0.0,0.0,1.0,1.0,1.0,1.0,1.0,1.0,1.0,1.0,0.0,1.0,1.0,1.0
880,0.0,0.0,0.0,0.0,0.0,0.0,0.0,1.0,1.0,1.0,0.0,1.0,1.0,0.0,0.0,1.0,1.0
879,0.0,0.0,0.0,0.0,0.0,0.0,0.0,1.0,1.0,1.0,1.0,1.0,1.0,0.0,0.0,1.0,1.0
873,1.0,0.0,0.0,0.0,0.0,0.0,0.0,1.0,1.0,1.0,1.0,1.0,1.0,0.0,0.0,1.0,1.0
871,0.0,0.0,0.0,0.0,0.0,0.0,0.0,1.0,1.0,0.0,1.0,0.0,0.0,0.0,1.0,1.0,1.0
869,1.0,1.0,0.0,,1.0,0.0,0.0,1.0,1.0,1.0,1.0,1.0,0.0,0.0,1.0,,1.0
867,1.0,0.0,0.0,1.0,1.0,0.0,0.0,0.0,1.0,1.0,1.0,1.0,1.0,0.0,1.0,1.0,1.0
863,1.0,1.0,1.0,1.0,0.0,,,1.0,1.0,1.0,1.0,1.0,1.0,,1.0,,1.0
862,0.0,0.0,0.0,0.0,0.0,0.0,0.0,0.0,1.0,0.0,1.0,0.0,0.0,0.0,1.0,0.0,1.0
860,0.0,0.0,0.0,0.0,0.0,0.0,0.0,1.0,1.0,1.0,1.0,0.0,0.0,0.0,1.0,1.0,1.0
859,1.0,0.0,0.0,1.0,0.0,0.0,0.0,1.0,1.0,1.0,1.0,1.0,0.0,0.0,0.0,1.0,1.0
858,1.0,1.0,0.0,0.0,0.0,0.0,0.0,1.0,1.0,1.0,1.0,1.0,1.0,0.0,0.0,1.0,1.0
857,0.0,0.0,0.0,0.0,0.0,0.0,0.0,1.0,1.0,1.0,1.0,1.0,1.0,0.0,0.0,1.0,1.0
855,0.0,1.0,0.0,0.0,0.0,0.0,0.0,1.0,1.0,1.0,0.0,0.0,0.0,0.0,0.0,1.0,1.0
854,1.0,1.0,0.0,0.0,0.0,1.0,1.0,1.0,1.0,1.0,1.0,1.0,1.0,1.0,1.0,1.0,1.0
851,0.0,0.0,0.0,0.0,0.0,0.0,0.0,1.0,1.0,1.0,,1.0,0.0,0.0,0.0,1.0,1.0
849,0.0,0.0,0.0,0.0,0.0,1.0,0.0,1.0,1.0,0.0,1.0,0.0,0.0,0.0,1.0,1.0,1.0
848,0.0,0.0,0.0,0.0,0.0,0.0,0.0,0.0,0.0,0.0,0.0,1.0,1.0,0.0,0.0,0.0,1.0
846,1.0,0.0,0.0,1.0,1.0,0.0,0.0,1.0,1.0,0.0,0.0,0.0,0.0,0.0,1.0,1.0,1.0
843,1.0,1.0,0.0,0.0,0.0,0.0,0.0,1.0,1.0,1.0,0.0,1.0,1.0,0.0,0.0,1.0,1.0
842,1.0,0.0,0.0,0.0,0.0,0.0,0.0,1.0,1.0,1.0,1.0,1.0,1.0,0.0,0.0,1.0,1.0
839,0.0,0.0,0.0,0.0,0.0,0.0,,1.0,1.0,1.0,1.0,1.0,1.0,0.0,0.0,1.0,1.0
812,0.0,0.0,0.0,0.0,0.0,0.0,0.0,0.0,,0.0,1.0,0.0,0.0,0.0,0.0,,1.0
788,1.0,1.0,0.0,0.0,0.0,0.0,1.0,0.0,1.0,1.0,1.0,1.0,1.0,1.0,1.0,,1.0
771,1.0,0.0,0.0,0.0,0.0,0.0,0.0,1.0,1.0,1.0,1.0,1.0,1.0,0.0,0.0,1.0,1.0
759,,1.0,,0.0,0.0,,,1.0,,,1.0,,,,,0.0,1.0
755,0.0,0.0,0.0,0.0,0.0,0.0,0.0,1.0,1.0,1.0,1.0,0.0,0.0,0.0,0.0,0.0,1.0
752,0.0,1.0,0.0,0.0,1.0,0.0,0.0,1.0,,,1.0,,,,0.0,1.0,1.0
744,,1.0,1.0,0.0,0.0,,,,1.0,,1.0,,,,,,1.0
738,1.0,1.0,1.0,1.0,1.0,0.0,0.0,0.0,1.0,1.0,1.0,1.0,1.0,0.0,1.0,1.0,1.0
729,,1.0,0.0,0.0,0.0,,,,,1.0,1.0,,,,1.0,1.0,1.0
727,0.0,1.0,0.0,0.0,1.0,0.0,0.0,1.0,,,1.0,,,,0.0,1.0,1.0
722,,1.0,0.0,0.0,0.0,,,,1.0,1.0,1.0,,,,1.0,1.0,1.0
721,1.0,1.0,0.0,0.0,0.0,0.0,0.0,,,1.0,,,,,1.0,,1.0
719,1.0,0.0,0.0,0.0,0.0,0.0,0.0,1.0,1.0,1.0,1.0,1.0,1.0,1.0,1.0,1.0,1.0
717,,1.0,0.0,0.0,0.0,,,1.0,1.0,0.0,1.0,,,,1.0,,1.0
714,1.0,1.0,0.0,1.0,1.0,0.0,0.0,0.0,1.0,1.0,0.0,1.0,1.0,1.0,1.0,1.0,1.0
710,,,,0.0,0.0,,,,,0.0,,,,,1.0,0.0,1.0
691,,1.0,0.0,,,,,,,,1.0,,,,,,1.0
690,0.0,0.0,0.0,0.0,0.0,0.0,0.0,1.0,1.0,1.0,1.0,1.0,1.0,0.0,0.0,1.0,1.0
689,0.0,,,0.0,0.0,,,,,0.0,,,,,1.0,0.0,1.0
688,0.0,0.0,0.0,0.0,0.0,0.0,0.0,1.0,1.0,1.0,1.0,0.0,0.0,0.0,0.0,1.0,1.0
685,1.0,1.0,0.0,0.0,0.0,,,,,0.0,,0.0,0.0,,,0.0,1.0
684,,1.0,0.0,0.0,0.0,,,,,0.0,1.0,,,,,,0.5
684,,1.0,0.0,0.0,0.0,,,,,1.0,1.0,,,,,,0.5
682,1.0,1.0,0.0,,,,,,1.0,1.0,,1.0,,1.0,1.0,,1.0
680,1.0,0.0,0.0,0.0,0.0,0.0,0.0,1.0,1.0,1.0,1.0,1.0,1.0,1.0,1.0,1.0,1.0
679,,,,0.0,0.0,,,,,0.0,1.0,,,,1.0,0.0,1.0
677,,,,0.0,0.0,,,,,,,,,,,0.0,1.0
676,1.0,0.0,0.0,0.0,1.0,0.0,0.0,1.0,1.0,1.0,1.0,1.0,1.0,0.0,1.0,1.0,1.0
674,1.0,1.0,0.0,0.0,0.0,,,,,0.0,,,,,,,1.0
673,,,,0.0,0.0,,,,,0.0,,,,,,0.0,1.0
671,,,,,,,,,,1.0,1.0,,,0.0,1.0,0.0,1.0
661,1.0,0.0,0.0,0.0,0.0,0.0,0.0,1.0,1.0,1.0,1.0,1.0,1.0,0.0,1.0,1.0,1.0
658,,1.0,,0.0,0.0,0.0,0.0,,,,1.0,,,,1.0,0.0,1.0
655,0.0,1.0,0.0,0.0,0.0,,,,,0.0,0.0,,,,,0.0,1.0
652,,,,0.0,0.0,,,,,,,,,,,0.0,1.0
649,1.0,0.0,0.0,0.0,0.0,1.0,1.0,1.0,1.0,1.0,1.0,1.0,0.0,0.0,1.0,1.0,1.0
645,0.0,0.0,0.0,0.0,0.0,0.0,0.0,1.0,1.0,1.0,1.0,1.0,0.0,0.0,0.0,1.0,1.0
639,1.0,0.0,0.0,0.0,1.0,0.0,1.0,1.0,1.0,1.0,1.0,0.0,0.0,0.0,1.0,1.0,1.0
637,,1.0,0.0,0.0,0.0,0.0,0.0,,1.0,1.0,1.0,1.0,,,,,1.0
636,1.0,0.0,0.0,0.0,0.0,0.0,,0.0,1.0,1.0,1.0,1.0,1.0,0.0,0.0,1.0,1.0
633,1.0,1.0,0.0,0.0,1.0,0.0,1.0,1.0,1.0,1.0,,1.0,1.0,0.0,1.0,1.0,1.0
632,1.0,1.0,1.0,0.0,0.0,0.0,0.0,0.0,1.0,1.0,1.0,1.0,1.0,1.0,1.0,1.0,1.0
626,,,,,,,,,,0.0,,1.0,1.0,,,0.0,1.0
624,0.0,0.0,0.0,0.0,1.0,0.0,0.0,1.0,1.0,1.0,1.0,1.0,1.0,0.0,0.0,1.0,1.0
622,,,,0.0,0.0,,,,,0.0,0.0,,,,,0.0,1.0
614,1.0,1.0,0.0,0.0,0.0,,,,1.0,1.0,,1.0,1.0,1.0,,1.0,1.0
608,,,,,,,,,,1.0,,,,,,1.0,1.0
602,1.0,1.0,0.0,,,,1.0,,1.0,1.0,1.0,,,,1.0,,1.0
564,1.0,1.0,0.0,0.0,0.0,0.0,0.0,1.0,1.0,1.0,1.0,1.0,1.0,0.0,0.0,1.0,1.0
563,1.0,1.0,0.0,0.0,0.0,0.0,1.0,1.0,1.0,1.0,1.0,1.0,1.0,1.0,1.0,1.0,1.0
562,1.0,0.0,0.0,0.0,1.0,0.0,0.0,1.0,1.0,1.0,1.0,1.0,1.0,0.0,0.0,1.0,1.0
751,1.0,,,,,,,,,,,,,,,,1.0
651,0.0,1.0,0.0,0.0,0.0,,,,1.0,1.0,,,,,,,1.0
620,1.0,,,0.0,0.0,,,0.0,,,,,,,,,1.0
618,1.0,1.0,,0.0,0.0,,,,,,,,,,1.0,,1.0
607,1.0,1.0,0.0,0.0,1.0,0.0,0.0,0.0,1.0,1.0,,,,,,,1.0
598,,,,,,,1.0,,1.0,1.0,1.0,1.0,1.0,,,,1.0
1420,,1.0,,,,,,,,,,,,,1.0,,1.0
1390,,1.0,,,,,,,,,,,,,,,1.0
1370,,1.0,,,,,,,,1.0,,,1.0,,1.0,,1.0
1323,,1.0,,,,,,0.0,1.0,1.0,1.0,,,,1.0,,1.0
1299,,1.0,,,,,,,,,,,,,,,1.0
613,,1.0,,,,,,1.0,,,,,,,,,1.0
600,,1.0,,,,,,,,,,,,,,,1.0
1624,,,0.0,0.0,,0.0,,,,,,,,1.0,1.0,,1.0
1458,,,1.0,,,,0.0,1.0,,,1.0,,,,,,1.0
1196,,,,0.0,0.0,,,,,,,,,,1.0,,1.0
686,,,,0.0,0.0,,,,,,,,,,,,1.0
675,,,,0.0,0.0,,,,,,,,,,,,1.0
662,,,,0.0,0.0,,,,,,,,,,,,1.0
657,,,,0.0,0.0,,,,,1.0,,,,,,,1.0
621,,,,0.0,0.0,,,,,,,,,,1.0,,1.0
610,,,,0.0,0.0,,,,,1.0,1.0,,,,,,1.0
1450,,,,,,,,1.0,,,,,,,,,1.0
2103,0.0,1.0,1.0,0.0,0.0,0.0,0.0,1.0,1.0,1.0,1.0,0.0,0.0,0.0,0.0,1.0,1.0
2092,0.0,1.0,1.0,0.0,0.0,0.0,0.0,1.0,1.0,1.0,1.0,1.0,1.0,1.0,0.0,1.0,1.0
2090,0.0,1.0,0.0,1.0,0.0,0.0,0.0,1.0,1.0,0.0,0.0,1.0,1.0,0.0,0.0,0.0,1.0
2088,0.0,0.0,0.0,0.0,0.0,0.0,0.0,1.0,1.0,1.0,0.0,1.0,1.0,0.0,0.0,0.0,1.0
2087,0.0,1.0,1.0,0.0,0.0,0.0,0.0,1.0,1.0,1.0,1.0,1.0,1.0,1.0,0.0,1.0,1.0
2083,0.0,1.0,0.0,0.0,0.0,0.0,0.0,1.0,1.0,0.0,0.0,0.0,0.0,1.0,0.0,1.0,1.0
2082,0.0,1.0,1.0,0.0,0.0,0.0,0.0,1.0,1.0,1.0,1.0,0.0,0.0,0.0,0.0,1.0,1.0
2079,0.0,1.0,0.0,0.0,0.0,0.0,0.0,1.0,1.0,1.0,1.0,1.0,1.0,0.0,0.0,1.0,1.0
2078,1.0,1.0,1.0,0.0,0.0,0.0,0.0,1.0,1.0,1.0,1.0,1.0,1.0,0.0,0.0,1.0,1.0
2077,0.0,1.0,0.0,0.0,0.0,0.0,0.0,1.0,1.0,0.0,0.0,1.0,1.0,0.0,0.0,0.0,1.0
2076,,,0.0,0.0,0.0,0.0,0.0,1.0,1.0,1.0,1.0,1.0,1.0,0.0,0.0,1.0,1.0
2075,0.0,1.0,1.0,0.0,0.0,0.0,0.0,1.0,1.0,1.0,1.0,1.0,1.0,1.0,0.0,1.0,1.0
2072,0.0,0.0,0.0,0.0,0.0,0.0,0.0,1.0,1.0,1.0,1.0,1.0,1.0,0.0,0.0,1.0,1.0
2064,1.0,1.0,1.0,0.0,0.0,0.0,0.0,1.0,1.0,1.0,1.0,1.0,1.0,0.0,0.0,1.0,1.0
2059,0.0,1.0,1.0,0.0,0.0,0.0,0.0,1.0,1.0,1.0,1.0,1.0,1.0,0.0,1.0,1.0,1.0
2055,0.0,1.0,1.0,0.0,0.0,0.0,1.0,0.0,1.0,1.0,1.0,1.0,1.0,1.0,1.0,1.0,1.0
2053,0.0,1.0,1.0,0.0,0.0,0.0,0.0,1.0,1.0,1.0,1.0,0.0,0.0,0.0,0.0,1.0,1.0
2046,1.0,1.0,1.0,0.0,0.0,0.0,0.0,1.0,1.0,1.0,1.0,1.0,1.0,0.0,0.0,1.0,1.0
2040,0.0,1.0,1.0,0.0,0.0,0.0,0.0,1.0,1.0,1.0,1.0,1.0,0.0,0.0,0.0,1.0,1.0
2032,0.0,1.0,0.0,0.0,0.0,0.0,0.0,1.0,1.0,1.0,1.0,0.0,0.0,0.0,0.0,1.0,1.0
2008,0.0,1.0,1.0,0.0,0.0,0.0,0.0,1.0,1.0,1.0,1.0,0.0,0.0,0.0,0.0,1.0,1.0
2001,0.0,0.0,0.0,0.0,0.0,0.0,0.0,1.0,1.0,1.0,1.0,1.0,1.0,0.0,0.0,1.0,1.0
1998,1.0,0.0,0.0,0.0,0.0,0.0,0.0,1.0,1.0,1.0,0.0,0.0,0.0,0.0,0.0,0.0,1.0
1997,0.0,0.0,0.0,0.0,0.0,0.0,0.0,1.0,,1.0,1.0,,,,1.0,1.0,1.0
1996,1.0,1.0,0.0,0.0,0.0,1.0,0.0,0.0,1.0,1.0,1.0,1.0,1.0,1.0,1.0,1.0,1.0
1991,0.0,1.0,0.0,0.0,0.0,0.0,0.0,1.0,1.0,1.0,1.0,1.0,1.0,0.0,0.0,1.0,1.0
1981,0.0,1.0,1.0,0.0,0.0,0.0,0.0,1.0,1.0,1.0,1.0,1.0,0.0,0.0,0.0,1.0,1.0
1979,1.0,1.0,0.0,1.0,0.0,1.0,0.0,0.0,1.0,1.0,1.0,1.0,1.0,1.0,1.0,1.0,1.0
1976,1.0,1.0,1.0,0.0,0.0,0.0,0.0,1.0,1.0,1.0,1.0,1.0,1.0,0.0,0.0,1.0,1.0
1973,1.0,1.0,0.0,1.0,0.0,1.0,1.0,0.0,1.0,1.0,1.0,1.0,1.0,1.0,1.0,1.0,1.0
1971,1.0,1.0,0.0,1.0,0.0,1.0,1.0,0.0,1.0,1.0,0.0,1.0,1.0,1.0,1.0,1.0,1.0
1924,0.0,0.0,0.0,0.0,0.0,0.0,0.0,1.0,1.0,1.0,1.0,1.0,1.0,0.0,0.0,1.0,1.0
1921,,1.0,0.0,0.0,0.0,0.0,0.0,1.0,1.0,1.0,,,,0.0,1.0,,1.0
1907,0.0,1.0,0.0,0.0,0.0,0.0,0.0,1.0,1.0,1.0,1.0,1.0,0.0,0.0,0.0,1.0,1.0
1906,0.0,1.0,0.0,0.0,0.0,0.0,0.0,1.0,1.0,1.0,1.0,0.0,0.0,0.0,0.0,1.0,1.0
1905,0.0,1.0,0.0,0.0,0.0,0.0,0.0,1.0,1.0,1.0,1.0,0.0,0.0,0.0,0.0,1.0,1.0
1882,0.0,0.0,0.0,0.0,0.0,0.0,0.0,1.0,1.0,1.0,0.0,,0.0,0.0,0.0,,1.0
1875,1.0,0.0,0.0,0.0,0.0,0.0,0.0,1.0,1.0,1.0,1.0,1.0,1.0,0.0,0.0,1.0,1.0
1871,1.0,1.0,0.0,0.0,0.0,0.0,0.0,0.0,0.0,1.0,1.0,0.0,1.0,0.0,1.0,0.0,1.0
1855,1.0,1.0,0.0,0.0,0.0,0.0,0.0,0.0,1.0,1.0,1.0,0.0,1.0,1.0,1.0,0.0,1.0
1818,0.0,1.0,0.0,0.0,0.0,0.0,0.0,1.0,1.0,1.0,1.0,1.0,1.0,0.0,0.0,1.0,1.0
1816,1.0,1.0,0.0,0.0,0.0,1.0,1.0,1.0,1.0,1.0,,1.0,0.0,,1.0,1.0,1.0
1811,0.0,1.0,1.0,0.0,0.0,0.0,0.0,1.0,1.0,1.0,1.0,1.0,0.0,0.0,0.0,1.0,1.0
1810,1.0,1.0,0.0,0.0,0.0,,,0.0,1.0,1.0,1.0,,,0.0,0.0,0.0,1.0
1795,1.0,1.0,1.0,0.0,0.0,0.0,0.0,1.0,1.0,1.0,1.0,1.0,1.0,0.0,0.0,1.0,1.0
1787,1.0,1.0,0.0,0.0,0.0,0.0,0.0,1.0,1.0,1.0,1.0,1.0,1.0,0.0,0.0,1.0,1.0
1778,1.0,1.0,1.0,0.0,0.0,0.0,0.0,1.0,1.0,1.0,1.0,1.0,1.0,0.0,1.0,1.0,1.0
1771,0.0,1.0,1.0,0.0,0.0,0.0,0.0,1.0,1.0,1.0,1.0,1.0,0.0,0.0,0.0,1.0,1.0
1763,1.0,0.0,0.0,1.0,0.0,0.0,0.0,0.0,1.0,1.0,1.0,1.0,1.0,1.0,1.0,1.0,1.0
1736,0.0,1.0,1.0,1.0,0.0,0.0,0.0,1.0,1.0,1.0,1.0,1.0,0.0,0.0,0.0,1.0,1.0
1735,1.0,1.0,1.0,1.0,1.0,1.0,0.0,1.0,1.0,1.0,1.0,1.0,1.0,1.0,1.0,1.0,1.0
1721,0.0,0.0,0.0,0.0,0.0,0.0,0.0,0.0,1.0,1.0,,,,,1.0,,1.0
1705,1.0,0.0,0.0,0.0,0.0,0.0,0.0,1.0,1.0,1.0,0.0,1.0,1.0,0.0,0.0,0.0,1.0
1700,1.0,0.0,0.0,0.0,0.0,0.0,0.0,0.0,,1.0,,1.0,1.0,,0.0,1.0,1.0
1695,1.0,1.0,0.0,0.0,1.0,1.0,1.0,1.0,1.0,,1.0,1.0,1.0,0.0,1.0,1.0,1.0
1686,1.0,1.0,1.0,0.0,0.0,0.0,0.0,1.0,1.0,1.0,1.0,1.0,1.0,0.0,0.0,0.0,1.0
1684,0.0,,0.0,0.0,0.0,0.0,1.0,1.0,1.0,,,0.0,0.0,0.0,1.0,0.0,1.0
1683,1.0,1.0,0.0,0.0,0.0,0.0,0.0,0.0,1.0,1.0,,1.0,1.0,,0.0,1.0,1.0
1674,0.0,0.0,0.0,0.0,0.0,0.0,0.0,1.0,1.0,1.0,1.0,1.0,0.0,0.0,0.0,1.0,1.0
1661,1.0,0.0,0.0,0.0,0.0,0.0,1.0,1.0,1.0,1.0,1.0,1.0,1.0,0.0,1.0,1.0,1.0
1652,1.0,1.0,1.0,0.0,0.0,0.0,0.0,1.0,1.0,1.0,1.0,1.0,1.0,0.0,0.0,1.0,1.0
1650,0.0,1.0,0.0,0.0,0.0,0.0,0.0,1.0,1.0,1.0,1.0,1.0,1.0,0.0,0.0,1.0,1.0
1639,0.0,0.0,0.0,0.0,0.0,0.0,1.0,1.0,1.0,1.0,1.0,1.0,1.0,0.0,0.0,0.0,1.0
1628,1.0,1.0,1.0,0.0,0.0,0.0,1.0,1.0,1.0,1.0,1.0,1.0,1.0,0.0,0.0,1.0,1.0
1618,0.0,1.0,1.0,0.0,0.0,0.0,0.0,1.0,1.0,1.0,1.0,0.0,0.0,0.0,0.0,1.0,1.0
1606,0.0,1.0,1.0,1.0,1.0,0.0,1.0,1.0,1.0,1.0,1.0,0.0,0.0,0.0,0.0,0.0,1.0
1595,1.0,1.0,0.0,0.0,0.0,0.0,1.0,0.0,1.0,1.0,,0.0,0.0,0.0,1.0,1.0,1.0
1589,1.0,1.0,0.0,1.0,0.0,0.0,0.0,1.0,1.0,1.0,1.0,1.0,1.0,0.0,0.0,1.0,1.0
1588,1.0,1.0,1.0,0.0,0.0,0.0,0.0,1.0,1.0,1.0,1.0,1.0,1.0,0.0,0.0,1.0,1.0
1585,1.0,0.0,0.0,0.0,0.0,0.0,0.0,1.0,1.0,1.0,1.0,1.0,,0.0,1.0,,1.0
1584,1.0,1.0,0.0,0.0,0.0,0.0,0.0,1.0,1.0,1.0,1.0,1.0,1.0,0.0,0.0,1.0,1.0
1576,0.0,0.0,0.0,0.0,0.0,0.0,0.0,0.0,1.0,1.0,1.0,,1.0,0.0,0.0,1.0,1.0
1575,1.0,1.0,0.0,0.0,0.0,0.0,0.0,1.0,1.0,1.0,1.0,1.0,1.0,0.0,0.0,,1.0
1560,1.0,1.0,1.0,0.0,1.0,0.0,0.0,1.0,1.0,1.0,1.0,1.0,1.0,0.0,0.0,1.0,1.0
1559,0.0,,0.0,0.0,0.0,0.0,0.0,1.0,1.0,1.0,1.0,0.0,0.0,0.0,0.0,,1.0
1558,1.0,1.0,0.0,0.0,0.0,0.0,0.0,1.0,1.0,1.0,1.0,0.0,0.0,0.0,0.0,1.0,1.0
1552,0.0,0.0,0.0,0.0,0.0,0.0,0.0,0.0,1.0,1.0,1.0,0.0,0.0,0.0,1.0,0.0,1.0
1549,0.0,0.0,0.0,0.0,0.0,0.0,0.0,1.0,1.0,1.0,0.0,1.0,1.0,0.0,0.0,1.0,1.0
1546,1.0,,0.0,0.0,0.0,0.0,0.0,,1.0,1.0,1.0,1.0,1.0,0.0,0.0,1.0,1.0
1540,1.0,1.0,0.0,0.0,0.0,0.0,1.0,1.0,1.0,1.0,0.0,1.0,0.0,0.0,1.0,0.0,1.0
1539,1.0,1.0,0.0,0.0,0.0,0.0,0.0,1.0,1.0,1.0,1.0,1.0,1.0,0.0,0.0,1.0,1.0
1534,1.0,0.0,0.0,0.0,0.0,0.0,0.0,1.0,0.0,1.0,0.0,0.0,0.0,0.0,1.0,1.0,1.0
1525,,1.0,0.0,0.0,,,,0.0,1.0,1.0,,1.0,1.0,,1.0,,1.0
1523,1.0,,0.0,0.0,0.0,0.0,0.0,1.0,1.0,1.0,1.0,1.0,1.0,0.0,0.0,1.0,1.0
1520,0.0,0.0,0.0,0.0,0.0,0.0,0.0,1.0,1.0,1.0,1.0,0.0,0.0,0.0,0.0,0.0,1.0
1513,1.0,1.0,0.0,0.0,0.0,0.0,0.0,1.0,1.0,1.0,,1.0,1.0,0.0,0.0,1.0,1.0
1508,0.0,0.0,0.0,0.0,0.0,0.0,0.0,1.0,1.0,1.0,,1.0,1.0,0.0,0.0,1.0,1.0
1471,1.0,0.0,0.0,0.0,0.0,0.0,0.0,0.0,1.0,1.0,1.0,0.0,1.0,0.0,0.0,1.0,1.0
1452,,1.0,0.0,0.0,1.0,0.0,0.0,0.0,1.0,1.0,,,,,1.0,,1.0
1432,1.0,,0.0,0.0,0.0,0.0,0.0,1.0,1.0,1.0,0.0,1.0,0.0,0.0,0.0,,1.0
1431,0.0,0.0,0.0,0.0,0.0,0.0,0.0,1.0,0.0,0.0,0.0,0.0,0.0,0.0,1.0,0.0,1.0
1427,0.0,0.0,0.0,0.0,0.0,0.0,0.0,1.0,0.0,0.0,1.0,1.0,0.0,0.0,1.0,0.0,1.0
1424,1.0,0.0,0.0,0.0,0.0,0.0,1.0,1.0,0.0,1.0,1.0,1.0,1.0,0.0,1.0,1.0,1.0
1422,1.0,0.0,0.0,0.0,0.0,0.0,0.0,1.0,1.0,1.0,,1.0,0.0,0.0,0.0,1.0,1.0
1421,1.0,1.0,0.0,0.0,,,,,1.0,1.0,,,,,1.0,,1.0
1418,0.0,1.0,0.0,0.0,0.0,0.0,1.0,1.0,1.0,1.0,0.0,1.0,1.0,0.0,,1.0,1.0
1406,1.0,1.0,0.0,0.0,0.0,0.0,0.0,1.0,1.0,1.0,0.0,1.0,1.0,0.0,1.0,1.0,1.0
1401,0.0,0.0,0.0,0.0,0.0,0.0,0.0,1.0,1.0,1.0,0.0,1.0,0.0,0.0,0.0,1.0,1.0
1393,0.0,0.0,0.0,0.0,0.0,0.0,0.0,1.0,1.0,1.0,,1.0,0.0,0.0,0.0,1.0,1.0
1389,0.0,1.0,0.0,0.0,1.0,0.0,0.0,0.0,,,1.0,0.0,0.0,0.0,1.0,1.0,1.0
1387,1.0,1.0,0.0,1.0,1.0,0.0,0.0,0.0,1.0,1.0,1.0,0.0,0.0,0.0,1.0,0.0,1.0
1375,1.0,1.0,0.0,0.0,0.0,0.0,0.0,0.0,1.0,1.0,1.0,0.0,1.0,1.0,1.0,1.0,1.0
1367,0.0,1.0,0.0,0.0,0.0,0.0,0.0,1.0,1.0,1.0,1.0,1.0,1.0,0.0,0.0,1.0,1.0
1347,1.0,1.0,0.0,1.0,0.0,,,1.0,1.0,0.0,0.0,1.0,0.0,0.0,1.0,1.0,1.0
1342,1.0,1.0,0.0,0.0,0.0,0.0,0.0,1.0,1.0,1.0,,1.0,0.0,0.0,0.0,1.0,1.0
1326,0.0,0.0,0.0,0.0,0.0,0.0,,0.0,1.0,1.0,1.0,0.0,0.0,0.0,1.0,,1.0
1324,1.0,1.0,0.0,0.0,0.0,0.0,1.0,1.0,1.0,1.0,1.0,1.0,1.0,0.0,1.0,1.0,1.0
1297,1.0,1.0,0.0,0.0,1.0,1.0,0.0,1.0,1.0,1.0,1.0,1.0,1.0,0.0,1.0,1.0,1.0
1294,1.0,1.0,0.0,0.0,0.0,0.0,1.0,0.0,,1.0,1.0,1.0,1.0,0.0,1.0,1.0,1.0
1290,0.0,1.0,0.0,0.0,0.0,0.0,0.0,1.0,1.0,,,1.0,1.0,0.0,0.0,0.0,1.0
1270,0.0,0.0,0.0,0.0,0.0,0.0,0.0,1.0,1.0,0.0,0.0,0.0,0.0,0.0,1.0,0.0,1.0
1265,1.0,1.0,0.0,0.0,0.0,0.0,0.0,0.0,1.0,1.0,0.0,1.0,1.0,0.0,1.0,1.0,1.0
1260,0.0,0.0,0.0,0.0,0.0,0.0,0.0,1.0,,,,0.0,0.0,0.0,0.0,1.0,1.0
1255,0.0,0.0,0.0,0.0,0.0,0.0,0.0,1.0,1.0,,,0.0,0.0,0.0,0.0,,1.0
1253,0.0,0.0,0.0,0.0,0.0,0.0,0.0,1.0,1.0,1.0,,,1.0,0.0,0.0,1.0,1.0
1243,0.0,0.0,0.0,0.0,0.0,0.0,0.0,1.0,,1.0,,1.0,1.0,0.0,0.0,,1.0
1232,1.0,1.0,1.0,1.0,1.0,0.0,1.0,1.0,1.0,1.0,1.0,1.0,,,1.0,1.0,1.0
1224,0.0,0.0,0.0,0.0,0.0,0.0,0.0,,,,,0.0,0.0,0.0,1.0,1.0,1.0
1219,,1.0,0.0,,,0.0,0.0,1.0,1.0,1.0,1.0,1.0,0.0,0.0,1.0,1.0,1.0
1207,1.0,,0.0,0.0,0.0,0.0,0.0,1.0,,1.0,,1.0,1.0,,,1.0,1.0
1203,1.0,1.0,0.0,,0.0,0.0,0.0,,1.0,1.0,,,,,0.0,1.0,1.0
1176,1.0,1.0,0.0,0.0,0.0,0.0,0.0,,,1.0,0.0,1.0,1.0,,1.0,1.0,1.0
1160,0.0,1.0,0.0,1.0,0.0,1.0,0.0,1.0,,,,0.0,0.0,0.0,1.0,0.0,1.0
1158,1.0,,0.0,0.0,0.0,1.0,,,1.0,1.0,0.0,1.0,1.0,0.0,1.0,1.0,1.0
1144,0.0,1.0,0.0,0.0,0.0,0.0,,,,,,,,,1.0,,1.0
1120,1.0,1.0,0.0,0.0,0.0,1.0,,1.0,1.0,1.0,,0.0,0.0,,1.0,1.0,1.0
1117,1.0,1.0,1.0,1.0,1.0,0.0,1.0,1.0,1.0,1.0,1.0,1.0,1.0,1.0,1.0,1.0,1.0
1098,0.0,1.0,0.0,0.0,0.0,0.0,0.0,,,1.0,1.0,,,,1.0,1.0,1.0
1078,0.0,1.0,0.0,0.0,0.0,1.0,0.0,1.0,1.0,1.0,,1.0,0.0,,1.0,1.0,1.0
1074,,1.0,0.0,1.0,0.0,1.0,0.0,0.0,1.0,,,0.0,0.0,0.0,1.0,1.0,1.0
1058,1.0,0.0,0.0,0.0,0.0,0.0,0.0,1.0,1.0,1.0,1.0,1.0,1.0,0.0,0.0,1.0,1.0
1042,0.0,1.0,0.0,0.0,0.0,1.0,0.0,1.0,1.0,1.0,1.0,1.0,0.0,1.0,1.0,1.0,1.0
1034,1.0,1.0,0.0,0.0,0.0,0.0,0.0,,1.0,1.0,1.0,,,,,,1.0
1030,0.0,1.0,0.0,0.0,0.0,1.0,0.0,,,,,,,,1.0,,1.0
1029,1.0,1.0,0.0,0.0,0.0,1.0,,,,1.0,1.0,,,,,,1.0
1659,0.0,,,,,,,,,,,,,,,,1.0
1551,1.0,1.0,0.0,0.0,0.0,,,,,,,,,,1.0,,1.0
1429,1.0,1.0,0.0,0.0,0.0,0.0,1.0,0.0,1.0,,,,,,,,1.0
1356,0.0,,,,,,,,,,,,,,,,1.0
1338,0.0,,,,,,,,,,,,,,,,1.0
592,1.0,0.0,0.0,1.0,1.0,0.0,0.0,0.0,1.0,1.0,1.0,1.0,1.0,0.0,1.0,1.0,1.0
580,0.0,0.0,0.0,0.0,0.0,0.0,1.0,0.0,1.0,1.0,0.0,1.0,1.0,,1.0,1.0,0.5
580,1.0,0.0,0.0,0.0,0.0,0.0,1.0,0.0,1.0,1.0,0.0,1.0,1.0,,1.0,1.0,0.5
577,,,,0.0,,,1.0,,1.0,,,1.0,,,1.0,1.0,1.0
570,1.0,0.0,0.0,0.0,0.0,0.0,0.0,1.0,1.0,,,1.0,0.0,0.0,1.0,,1.0
535,1.0,0.0,0.0,1.0,1.0,0.0,,0.0,1.0,1.0,1.0,1.0,,0.0,0.0,1.0,1.0
534,1.0,1.0,0.0,0.0,,0.0,1.0,,1.0,1.0,1.0,1.0,1.0,1.0,1.0,1.0,1.0
526,1.0,1.0,0.0,0.0,0.0,0.0,0.0,1.0,1.0,1.0,1.0,1.0,1.0,0.0,0.0,1.0,1.0
525,1.0,0.0,0.0,0.0,0.0,0.0,0.0,1.0,1.0,1.0,0.0,1.0,1.0,0.0,0.0,1.0,1.0
520,1.0,1.0,1.0,1.0,1.0,1.0,1.0,0.0,1.0,1.0,1.0,1.0,1.0,0.0,1.0,1.0,1.0
493,1.0,,,,,,,,1.0,,,,,,,1.0,1.0
492,1.0,1.0,0.0,0.0,0.0,1.0,1.0,0.0,1.0,1.0,1.0,1.0,1.0,1.0,1.0,1.0,1.0
490,1.0,1.0,0.0,0.0,0.0,0.0,0.0,1.0,1.0,1.0,0.0,1.0,1.0,0.0,0.0,1.0,1.0
486,1.0,0.0,0.0,0.0,0.0,0.0,0.0,1.0,1.0,1.0,0.0,1.0,1.0,0.0,0.0,1.0,1.0
485,0.0,1.0,0.0,0.0,0.0,0.0,,,1.0,,,,,,1.0,1.0,1.0
484,1.0,0.0,0.0,0.0,0.0,0.0,1.0,1.0,1.0,1.0,0.0,1.0,1.0,0.0,0.0,1.0,1.0
483,1.0,0.0,0.0,0.0,0.0,0.0,1.0,1.0,1.0,1.0,0.0,1.0,1.0,0.0,,1.0,1.0
479,1.0,1.0,0.0,0.0,0.0,0.0,0.0,0.0,1.0,1.0,1.0,1.0,1.0,,1.0,0.0,1.0
477,1.0,0.0,0.0,0.0,0.0,0.0,0.0,1.0,1.0,,,1.0,1.0,1.0,0.0,1.0,1.0
476,0.0,1.0,0.0,0.0,1.0,0.0,1.0,1.0,1.0,1.0,1.0,1.0,0.0,0.0,0.0,1.0,1.0
472,1.0,1.0,0.0,1.0,1.0,0.0,0.0,1.0,1.0,1.0,1.0,1.0,1.0,1.0,1.0,1.0,1.0
456,0.0,0.0,0.0,0.0,0.0,0.0,0.0,1.0,1.0,1.0,1.0,1.0,1.0,0.0,0.0,1.0,1.0
442,1.0,0.0,0.0,0.0,0.0,0.0,0.0,1.0,1.0,1.0,1.0,1.0,1.0,0.0,0.0,1.0,1.0
441,1.0,0.0,0.0,0.0,0.0,1.0,0.0,0.0,1.0,1.0,1.0,1.0,1.0,1.0,1.0,1.0,1.0
439,1.0,1.0,0.0,0.0,0.0,0.0,0.0,0.0,1.0,1.0,1.0,1.0,0.0,1.0,1.0,1.0,1.0
424,1.0,0.0,0.0,0.0,1.0,0.0,1.0,1.0,,1.0,1.0,1.0,0.0,0.0,1.0,0.0,1.0
420,1.0,0.0,0.0,0.0,0.0,1.0,1.0,1.0,1.0,1.0,1.0,1.0,1.0,1.0,1.0,1.0,1.0
416,1.0,0.0,0.0,0.0,0.0,0.0,0.0,1.0,1.0,1.0,1.0,1.0,1.0,0.0,0.0,1.0,1.0
400,1.0,1.0,0.0,0.0,0.0,0.0,0.0,1.0,1.0,1.0,1.0,1.0,1.0,0.0,0.0,1.0,1.0
395,1.0,0.0,0.0,1.0,1.0,1.0,0.0,1.0,1.0,1.0,1.0,1.0,1.0,0.0,1.0,1.0,1.0
392,0.0,0.0,0.0,0.0,0.0,0.0,0.0,1.0,1.0,1.0,,1.0,0.0,0.0,1.0,1.0,1.0
390,1.0,0.0,0.0,0.0,0.0,1.0,0.0,0.0,1.0,1.0,1.0,1.0,1.0,1.0,1.0,1.0,1.0
383,0.0,1.0,0.0,1.0,0.0,0.0,0.0,1.0,1.0,,1.0,1.0,0.0,0.0,1.0,1.0,1.0
381,0.0,0.0,0.0,0.0,0.0,0.0,0.0,1.0,1.0,1.0,,1.0,0.0,0.0,1.0,1.0,1.0
374,1.0,0.0,0.0,0.0,0.0,0.0,,,,1.0,1.0,,,,1.0,1.0,1.0
361,1.0,1.0,,0.0,0.0,0.0,0.0,0.0,1.0,1.0,,1.0,1.0,1.0,1.0,1.0,1.0
358,1.0,,,,,,,1.0,1.0,1.0,1.0,1.0,1.0,1.0,1.0,1.0,1.0
355,1.0,1.0,0.0,,,1.0,1.0,1.0,1.0,1.0,,1.0,1.0,,0.0,1.0,1.0
354,1.0,1.0,,,,,,,1.0,1.0,1.0,1.0,1.0,1.0,1.0,1.0,1.0
308,1.0,0.0,0.0,0.0,0.0,0.0,0.0,0.0,1.0,1.0,1.0,1.0,1.0,,1.0,1.0,1.0
299,,,,,,0.0,,,1.0,1.0,,,,,1.0,1.0,1.0
294,0.0,0.0,0.0,0.0,0.0,0.0,0.0,0.0,1.0,1.0,1.0,0.0,0.0,0.0,,0.0,1.0
263,1.0,0.0,0.0,0.0,0.0,0.0,0.0,1.0,1.0,1.0,1.0,1.0,1.0,0.0,0.0,1.0,1.0
230,1.0,1.0,0.0,0.0,,0.0,,0.0,1.0,1.0,1.0,1.0,1.0,1.0,1.0,1.0,1.0
228,,1.0,0.0,0.0,1.0,0.0,0.0,1.0,,,1.0,0.0,0.0,0.0,1.0,0.0,1.0
224,1.0,0.0,0.0,,1.0,1.0,1.0,0.0,1.0,1.0,,1.0,1.0,1.0,1.0,1.0,1.0
212,0.0,1.0,0.0,,,1.0,0.0,0.0,1.0,,,,,,,0.0,1.0
211,1.0,1.0,0.0,0.0,0.0,1.0,0.0,1.0,1.0,1.0,1.0,0.0,0.0,1.0,0.0,1.0,0.5
211,1.0,1.0,0.0,0.0,0.0,1.0,0.0,1.0,1.0,1.0,1.0,0.0,0.0,1.0,1.0,1.0,0.5
197,1.0,0.0,0.0,0.0,1.0,0.0,0.0,1.0,1.0,1.0,,0.0,0.0,0.0,1.0,1.0,1.0
196,1.0,0.0,0.0,0.0,0.0,0.0,0.0,1.0,1.0,1.0,1.0,1.0,1.0,0.0,0.0,1.0,1.0
190,1.0,0.0,0.0,0.0,0.0,,,1.0,1.0,0.0,1.0,0.0,0.0,0.0,1.0,0.0,1.0
182,1.0,1.0,1.0,0.0,,0.0,0.0,1.0,1.0,1.0,,1.0,1.0,0.0,0.0,1.0,1.0
176,0.0,0.0,1.0,0.0,1.0,0.0,1.0,1.0,1.0,1.0,1.0,1.0,1.0,0.0,0.0,1.0,1.0
174,1.0,1.0,0.0,0.0,0.0,0.0,0.0,1.0,1.0,1.0,1.0,1.0,1.0,0.0,0.0,1.0,1.0
173,1.0,1.0,0.0,0.0,0.0,0.0,0.0,1.0,1.0,1.0,1.0,1.0,1.0,0.0,,1.0,1.0
589,1.0,1.0,0.0,0.0,,,,0.0,,1.0,,0.0,1.0,1.0,1.0,,1.0
565,1.0,,,,,,,,1.0,1.0,,,,,,,1.0
462,1.0,,,,,,,,,,,,,,,,1.0
387,0.0,,,,,,,,,,,,,,,,1.0
342,1.0,1.0,,,,,,,,,,,,,,,1.0
287,1.0,1.0,,,,,,,1.0,1.0,1.0,,,,1.0,,1.0
255,1.0,,,,,,,,0.0,,,,,,,,1.0
245,1.0,1.0,,,,,,1.0,1.0,1.0,,,,,1.0,,1.0
227,1.0,0.0,0.0,,,0.0,1.0,,1.0,,,,,,,,1.0
199,1.0,,,,,,,1.0,,,,,,,,,1.0
195,1.0,,,,,,,,1.0,,,,,,,,1.0
193,1.0,,,,,,1.0,,1.0,1.0,,1.0,1.0,,,,1.0
187,1.0,1.0,1.0,,,1.0,1.0,,1.0,,,,,,,,1.0
185,1.0,,,,,1.0,,1.0,1.0,,,,,,,,1.0
184,1.0,,,,,,,1.0,1.0,,,,,,,,1.0
180,1.0,1.0,,,,,,,1.0,,,,,,,,1.0
178,1.0,1.0,,,,,,,1.0,,,,,,,,1.0
595,,1.0,0.0,,,,,,,,,,,,,,1.0
574,,1.0,0.0,,,,,,1.0,1.0,,,,,1.0,,1.0
240,,1.0,,,,,,,1.0,1.0,,,,,,,1.0
594,,,,,,,,,1.0,,,,,,,,1.0
571,,,,,,,,,1.0,1.0,,,,,1.0,,1.0
482,,,,,,,,,1.0,,,,,,,,1.0
471,,,,,,,,,1.0,,,,,,,,1.0
468,,,,,,,,,1.0,,,,,,,,1.0
465,,,,,,,,,1.0,,,,,,,,1.0
459,,,,,,,,,1.0,,,,,,,,1.0
458,,,,,,,,,1.0,,,,,,,,1.0
457,,,,,,,,,1.0,,,,,,,,1.0
453,,,,,,,,,1.0,,,,,,,,1.0
444,,,,,,,,,1.0,,,,,,,,1.0
443,,,,,,,,,1.0,,,,,,,,1.0
435,,,,,,,,,1.0,,,,,,,,1.0
406,,,,,,,,,1.0,,,,,,,,1.0
300,,,,,,,,,1.0,1.0,1.0,,,,,,1.0
189,,,,,,,,,1.0,1.0,,,,,,,1.0
186,,,,,,,,,1.0,1.0,1.0,,,,,,1.0
590,,,,,,,,,,,,1.0,,,,,1.0
