c,k,logL,AIC,BIC,n_reached_best,median_logL,best_seed,max_its
1,36,-4847.806237080575,9767.61247416115,9907.311661671574,100,-4847.806237080575,1000,2
2,73,-4142.80031058553,8431.60062117106,8714.87952917831,100,-4142.800310586864,2033,31
3,110,-3985.043490883153,8190.086981766306,8616.945610270383,77,-3985.0434908981215,3033,522
4,147,-3881.837964662379,8057.675929324758,8628.11427832566,9,-3893.9519400462227,4092,925
5,184,-3787.8704127769665,7943.740825553933,8657.758895051662,1,-3803.8042556988776,5068,863
6,221,-3705.712786836605,7853.42557367321,8711.023363667766,1,-3729.1190497302878,6005,1724
7,258,-3631.2966454484463,7778.5932908968925,8779.770801388273,1,-3668.281851107827,7002,2000
8,295,-3583.4535089330093,7756.907017866019,8901.664248854226,1,-3613.4376844207254,8009,1867
9,332,-3529.558162476451,7723.116324952902,9011.453276437935,1,-3568.916072203733,9040,1533
10,369,-3484.6109300331404,7707.221860066281,9139.138532048139,1,-3532.6955525913118,10017,1245
