c,seed,logL,n_its
1,1000,-4847.806237080575,2
1,1001,-4847.806237080575,2
1,1002,-4847.806237080575,2
1,1003,-4847.806237080575,2
1,1004,-4847.806237080575,2
1,1005,-4847.806237080575,2
1,1006,-4847.806237080575,2
1,1007,-4847.806237080575,2
1,1008,-4847.806237080575,2
1,1009,-4847.806237080575,2
1,1010,-4847.806237080575,2
1,1011,-4847.806237080575,2
1,1012,-4847.806237080575,2
1,1013,-4847.806237080575,2
1,1014,-4847.806237080575,2
1,1015,-4847.806237080575,2
1,1016,-4847.806237080575,2
1,1017,-4847.806237080575,2
1,1018,-4847.806237080575,2
1,1019,-4847.806237080575,2
1,1020,-4847.806237080575,2
1,1021,-4847.806237080575,2
1,1022,-4847.806237080575,2
1,1023,-4847.806237080575,2
1,1024,-4847.806237080575,2
1,1025,-4847.806237080575,2
1,1026,-4847.806237080575,2
1,1027,-4847.806237080575,2
1,1028,-4847.806237080575,2
1,1029,-4847.806237080575,2
1,1030,-4847.806237080575,2
1,1031,-4847.806237080575,2
1,1032,-4847.806237080575,2
1,1033,-4847.806237080575,2
1,1034,-4847.806237080575,2
1,1035,-4847.806237080575,2
1,1036,-4847.806237080575,2
1,1037,-4847.806237080575,2
1,1038,-4847.806237080575,2
1,1039,-4847.806237080575,2
1,1040,-4847.806237080575,2
1,1041,-4847.806237080575,2
1,1042,-4847.806237080575,2
1,1043,-4847.806237080575,2
1,1044,-4847.806237080575,2
1,1045,-4847.806237080575,2
1,1046,-4847.806237080575,2
1,1047,-4847.806237080575,2
1,1048,-4847.806237080575,2
1,1049,-4847.806237080575,2
1,1050,-4847.806237080575,2
1,1051,-4847.806237080575,2
1,1052,-4847.806237080575,2
1,1053,-4847.806237080575,2
1,1054,-4847.806237080575,2
1,1055,-4847.806237080575,2
1,1056,-4847.806237080575,2
1,1057,-4847.806237080575,2
1,1058,-4847.806237080575,2
1,1059,-4847.806237080575,2
1,1060,-4847.806237080575,2
1,1061,-4847.806237080575,2
1,1062,-4847.806237080575,2
1,1063,-4847.806237080575,2
1,1064,-4847.806237080575,2
1,1065,-4847.806237080575,2
1,1066,-4847.806237080575,2
1,1067,-4847.806237080575,2
1,1068,-4847.806237080575,2
1,1069,-4847.806237080575,2
1,1070,-4847.806237080575,2
1,1071,-4847.806237080575,2
1,1072,-4847.806237080575,2
1,1073,-4847.806237080575,2
1,1074,-4847.806237080575,2
1,1075,-4847.806237080575,2
1,1076,-4847.806237080575,2
1,1077,-4847.806237080575,2
1,1078,-4847.806237080575,2
1,1079,-4847.806237080575,2
1,1080,-4847.806237080575,2
1,1081,-4847.806237080575,2
1,1082,-4847.806237080575,2
1,1083,-4847.806237080575,2
1,1084,-4847.806237080575,2
1,1085,-4847.806237080575,2
1,1086,-4847.806237080575,2
1,1087,-4847.806237080575,2
1,1088,-4847.806237080575,2
1,1089,-4847.806237080575,2
1,1090,-4847.806237080575,2
1,1091,-4847.806237080575,2
1,1092,-4847.806237080575,2
1,1093,-4847.806237080575,2
1,1094,-4847.806237080575,2
1,1095,-4847.806237080575,2
1,1096,-4847.806237080575,2
1,1097,-4847.806237080575,2
1,1098,-4847.806237080575,2
1,1099,-4847.806237080575,2
2,2000,-4142.800310587037,28
2,2001,-4142.800310585615,28
2,2002,-4142.800310587183,31
2,2003,-4142.800310588587,30
2,2004,-4142.8003105861335,29
2,2005,-4142.800310585804,29
2,2006,-4142.800310588006,28
2,2007,-4142.800310587164,28
2,2008,-4142.8003105858725,28
2,2009,-4142.800310586355,31
2,2010,-4142.8003105875705,29
2,2011,-4142.800310586125,29
2,2012,-4142.800310586956,28
2,2013,-4142.800310587214,28
2,2014,-4142.800310585806,29
2,2015,-4142.800310588928,27
2,2016,-4142.80031058614,28
2,2017,-4142.800310588156,29
2,2018,-4142.800310586192,29
2,2019,-4142.800310586281,28
2,2020,-4142.800310587492,29
2,2021,-4142.800310587239,28
2,2022,-4142.800310587132,28
2,2023,-4142.800310588416,31
2,2024,-4142.800310587488,28
2,2025,-4142.800310588193,28
2,2026,-4142.80031058665,28
2,2027,-4142.80031058754,29
2,2028,-4142.800310586232,28
2,2029,-4142.8003105876805,28
2,2030,-4142.800310586088,30
2,2031,-4142.800310586431,28
2,2032,-4142.800310587908,28
2,2033,-4142.80031058553,30
2,2034,-4142.800310586517,30
2,2035,-4142.8003105869175,30
2,2036,-4142.800310585764,29
2,2037,-4142.800310588891,29
2,2038,-4142.800310586617,28
2,2039,-4142.800310586238,28
2,2040,-4142.800310585678,29
2,2041,-4142.80031058653,28
2,2042,-4142.800310586146,28
2,2043,-4142.800310588333,28
2,2044,-4142.800310586992,28
2,2045,-4142.800310585604,28
2,2046,-4142.800310585573,29
2,2047,-4142.800310586729,28
2,2048,-4142.800310586857,29
2,2049,-4142.800310588549,27
2,2050,-4142.800310586183,28
2,2051,-4142.800310585891,31
2,2052,-4142.800310585668,28
2,2053,-4142.800310587312,28
2,2054,-4142.800310587327,30
2,2055,-4142.80031058916,28
2,2056,-4142.800310588524,28
2,2057,-4142.800310586967,28
2,2058,-4142.80031058603,30
2,2059,-4142.800310587834,27
2,2060,-4142.800310586172,29
2,2061,-4142.80031058839,28
2,2062,-4142.8003105875405,28
2,2063,-4142.800310587099,28
2,2064,-4142.800310585842,28
2,2065,-4142.800310588865,28
2,2066,-4142.800310587642,28
2,2067,-4142.800310586661,28
2,2068,-4142.800310587275,30
2,2069,-4142.800310586934,29
2,2070,-4142.8003105856715,28
2,2071,-4142.800310585903,29
2,2072,-4142.800310588438,27
2,2073,-4142.800310588043,29
2,2074,-4142.800310586808,28
2,2075,-4142.800310588458,30
2,2076,-4142.800310586274,29
2,2077,-4142.80031058687,28
2,2078,-4142.800310588576,27
2,2079,-4142.800310586017,28
2,2080,-4142.800310585596,30
2,2081,-4142.800310587859,28
2,2082,-4142.800310587675,28
2,2083,-4142.800310585636,29
2,2084,-4142.8003105879925,28
2,2085,-4142.800310585943,30
2,2086,-4142.800310586064,29
2,2087,-4142.800310588833,29
2,2088,-4142.800310586479,28
2,2089,-4142.80031058565,28
2,2090,-4142.800310588029,28
2,2091,-4142.800310587323,28
2,2092,-4142.800310585737,29
2,2093,-4142.8003105873495,29
2,2094,-4142.800310585586,29
2,2095,-4142.800310586428,29
2,2096,-4142.800310586641,28
2,2097,-4142.800310586097,28
2,2098,-4142.800310586314,29
2,2099,-4142.800310588937,28
3,3000,-3985.0434908863854,153
3,3001,-3985.0434909233027,174
3,3002,-3985.043490889893,391
3,3003,-3985.7063206280036,280
3,3004,-3985.0434908875195,340
3,3005,-3985.043490890858,340
3,3006,-3985.0434908885927,118
3,3007,-4025.3992506927852,146
3,3008,-3985.706320627332,209
3,3009,-3985.7215056444757,107
3,3010,-4025.3992506931313,184
3,3011,-3985.706320624251,153
3,3012,-3985.043490926865,219
3,3013,-3985.0434909094874,109
3,3014,-3993.3973204957942,119
3,3015,-3985.0434909253363,183
3,3016,-3985.043490925824,133
3,3017,-3985.0434908878706,428
3,3018,-3985.0434908962197,104
3,3019,-3985.0434909230357,148
3,3020,-3985.0434909269397,209
3,3021,-3985.0434908896414,307
3,3022,-3985.0434908870525,433
3,3023,-3985.043490885931,171
3,3024,-3985.7063206268567,382
3,3025,-3985.043490888435,364
3,3026,-3985.043490888991,148
3,3027,-3985.0434909210935,128
3,3028,-3985.0434908845027,391
3,3029,-3985.0434908854004,380
3,3030,-3985.043490896208,104
3,3031,-3985.7063206235603,337
3,3032,-3985.043490883637,414
3,3033,-3985.043490883153,301
3,3034,-3985.0434908936395,118
3,3035,-3985.043490885224,163
3,3036,-3985.043490892751,107
3,3037,-3985.043490886176,403
3,3038,-3985.0434908886955,141
3,3039,-3985.0434909272008,131
3,3040,-3985.706320624253,273
3,3041,-3985.70632062763,133
3,3042,-3985.0434908904876,118
3,3043,-3985.043490897109,104
3,3044,-4025.3992506934933,137
3,3045,-3993.3973204975887,261
3,3046,-3985.7063206252587,362
3,3047,-3985.043490886145,400
3,3048,-3985.7215056922396,111
3,3049,-3985.0434908862617,336
3,3050,-3985.0434909283767,156
3,3051,-3985.0434908849866,392
3,3052,-3985.7063206287467,219
3,3053,-3985.0434908909833,150
3,3054,-3985.043490890228,110
3,3055,-3985.0434909033474,106
3,3056,-4025.3992506984996,128
3,3057,-3985.0434908876077,112
3,3058,-3985.0434909238074,146
3,3059,-3985.0434909248415,160
3,3060,-3985.0434909266323,126
3,3061,-3985.043490883338,147
3,3062,-3985.0434909273226,151
3,3063,-3985.043490925277,147
3,3064,-3985.0434908863854,186
3,3065,-3985.721505702355,107
3,3066,-3985.0434908887228,350
3,3067,-3985.043490888297,522
3,3068,-3985.043490891314,178
3,3069,-3985.0434908834104,412
3,3070,-3985.0434908904926,148
3,3071,-3985.0434909210203,152
3,3072,-3985.706320630369,368
3,3073,-3985.043490883849,405
3,3074,-3985.043490889646,190
3,3075,-3985.043490922483,139
3,3076,-3985.04349091204,107
3,3077,-3985.0434908846464,391
3,3078,-4025.3992506933473,142
3,3079,-3985.0434908852885,296
3,3080,-3985.0434908991333,106
3,3081,-3985.0434909250453,186
3,3082,-3985.043490883685,136
3,3083,-3985.043490885443,127
3,3084,-3985.0434908848683,325
3,3085,-3985.0434909289725,123
3,3086,-4025.399250698583,346
3,3087,-3985.0434908914804,135
3,3088,-3985.043490889957,422
3,3089,-3985.0434908838797,209
3,3090,-3985.0434908875413,139
3,3091,-3985.7063206236803,413
3,3092,-3985.0434909218056,147
3,3093,-3985.0434909223404,130
3,3094,-3985.0434908900797,185
3,3095,-3985.043490886628,160
3,3096,-3985.043490926355,152
3,3097,-3985.043490928195,136
3,3098,-4025.3992506923923,147
3,3099,-3985.0434909286005,144
4,4000,-3893.37314506751,597
4,4001,-3915.0652213213325,353
4,4002,-3894.6304765943646,178
4,4003,-3897.951926558965,72
4,4004,-3907.992303761378,120
4,4005,-3893.606111946495,297
4,4006,-3881.837964670402,201
4,4007,-3897.9519265561685,81
4,4008,-3884.5109820486364,89
4,4009,-3893.6061119470096,289
4,4010,-3892.555320754901,520
4,4011,-3893.545412290373,80
4,4012,-3920.676299119492,96
4,4013,-3894.526254795055,115
4,4014,-3896.466657659619,925
4,4015,-3895.1537148006964,97
4,4016,-3934.8696958176433,184
4,4017,-3898.4138259989168,158
4,4018,-3892.5553207509633,273
4,4019,-3892.5553207546973,357
4,4020,-3890.0174700062435,84
4,4021,-3881.83796466679,255
4,4022,-3892.555320748877,194
4,4023,-3885.1464455710984,133
4,4024,-3894.630476597644,137
4,4025,-3881.8379646633616,201
4,4026,-3894.526254784583,169
4,4027,-3897.9519265614736,561
4,4028,-3892.5553207493895,434
4,4029,-3895.6802087141323,504
4,4030,-3893.6061119499436,281
4,4031,-3881.8379646666112,241
4,4032,-3885.150783848607,392
4,4033,-3893.6061119517085,189
4,4034,-3892.555320747755,392
4,4035,-3895.01703220303,152
4,4036,-3884.8229540414045,71
4,4037,-3898.413825997167,193
4,4038,-3919.0102136621763,181
4,4039,-3894.526254783256,146
4,4040,-3893.6061119512015,175
4,4041,-3899.9557362828014,222
4,4042,-3893.015667440818,192
4,4043,-3897.0081797792695,147
4,4044,-3895.0170322073527,144
4,4045,-3898.4138259978145,285
4,4046,-3893.9519400464937,128
4,4047,-3892.7352746434435,643
4,4048,-3893.6061119514306,298
4,4049,-3897.0485760173246,238
4,4050,-3892.7352746428833,345
4,4051,-3893.9519400459976,125
4,4052,-3893.9519400475547,131
4,4053,-3893.9519400463723,122
4,4054,-3892.7352746393262,424
4,4055,-3892.555320753927,212
4,4056,-3896.945281657402,261
4,4057,-3884.794898328182,53
4,4058,-3899.9256816300795,101
4,4059,-3881.837964669925,255
4,4060,-3895.464274774331,291
4,4061,-3881.837964666942,302
4,4062,-3921.4808336262004,74
4,4063,-3895.3021908606984,99
4,4064,-3892.5553207465937,280
4,4065,-3892.5553207503644,277
4,4066,-3895.01703220301,184
4,4067,-3898.4138260020536,102
4,4068,-3898.4138260349196,98
4,4069,-3898.8789846502577,306
4,4070,-3884.5109820501466,574
4,4071,-3892.800772993246,292
4,4072,-3882.3778012613784,299
4,4073,-3897.307161763582,371
4,4074,-3915.853124318586,350
4,4075,-3893.951940047924,133
4,4076,-3894.4379317551347,102
4,4077,-3881.837964663282,204
4,4078,-3881.8379646651124,205
4,4079,-3898.4138260298155,74
4,4080,-3892.555320754657,255
4,4081,-3936.352887521073,148
4,4082,-3893.0283739012716,264
4,4083,-3894.4379317550793,189
4,4084,-3890.7463562171815,80
4,4085,-3898.413826002159,123
4,4086,-3882.3778012626994,347
4,4087,-3892.555320749484,327
4,4088,-3893.9519400528443,95
4,4089,-3898.4138260055224,58
4,4090,-3893.951940046073,118
4,4091,-3893.6061119519572,298
4,4092,-3881.837964662379,227
4,4093,-3892.8007729940446,162
4,4094,-3884.5109820518896,95
4,4095,-3899.955736283082,76
4,4096,-3895.9979960704823,415
4,4097,-3899.5268488114843,221
4,4098,-3896.466657659545,903
4,4099,-3892.5553207466182,121
5,5000,-3829.006793423256,356
5,5001,-3799.986507935587,118
5,5002,-3810.5690678670953,259
5,5003,-3802.9760868518015,160
5,5004,-3821.8801709103327,114
5,5005,-3794.7352557309346,153
5,5006,-3826.237007651055,251
5,5007,-3800.682769372929,83
5,5008,-3808.7103279934045,262
5,5009,-3803.8536349383276,144
5,5010,-3812.272519448107,218
5,5011,-3801.368597897542,213
5,5012,-3819.973777383433,209
5,5013,-3819.973777381794,201
5,5014,-3796.6944793270536,589
5,5015,-3795.2529089390055,112
5,5016,-3795.290259554604,149
5,5017,-3813.4913102543987,101
5,5018,-3813.1622959359242,175
5,5019,-3794.1809791426667,404
5,5020,-3796.69447932035,344
5,5021,-3794.8010233657396,195
5,5022,-3795.290259561315,204
5,5023,-3806.5930016419743,64
5,5024,-3822.745082191558,536
5,5025,-3794.283554755545,201
5,5026,-3806.035698167424,221
5,5027,-3841.620948361833,284
5,5028,-3808.4047750004074,178
5,5029,-3801.247000849149,312
5,5030,-3794.3747014459004,106
5,5031,-3800.1403737726696,454
5,5032,-3799.5421478344524,114
5,5033,-3794.3812574167496,208
5,5034,-3818.5210666994726,475
5,5035,-3795.448896512619,161
5,5036,-3795.823769731218,223
5,5037,-3807.7388679532683,107
5,5038,-3800.088873973134,269
5,5039,-3819.9737773792226,197
5,5040,-3818.5213332244884,160
5,5041,-3832.858760336918,110
5,5042,-3806.4744020449452,183
5,5043,-3799.999688588492,201
5,5044,-3803.7548764594276,117
5,5045,-3811.200231256353,206
5,5046,-3802.952650301476,151
5,5047,-3793.653558629516,124
5,5048,-3813.361317632959,363
5,5049,-3802.9526503036354,100
5,5050,-3799.6671128103762,155
5,5051,-3807.4961130719485,168
5,5052,-3798.9546145936524,98
5,5053,-3797.3599502427505,863
5,5054,-3812.2725194430827,287
5,5055,-3811.205267632866,165
5,5056,-3829.028074717467,228
5,5057,-3803.226641492286,323
5,5058,-3797.7003235303614,675
5,5059,-3829.294576731911,295
5,5060,-3800.241334669582,350
5,5061,-3806.5930016440407,105
5,5062,-3800.6827693734576,138
5,5063,-3824.8979048358597,270
5,5064,-3799.6012438313373,94
5,5065,-3801.1377806176674,96
5,5066,-3827.7972519214263,144
5,5067,-3799.601243832847,125
5,5068,-3787.8704127769665,327
5,5069,-3831.665586670082,97
5,5070,-3822.2045806332494,274
5,5071,-3802.965339001654,422
5,5072,-3824.0098574660706,126
5,5073,-3805.6894718532485,172
5,5074,-3832.9286013680276,404
5,5075,-3800.93853786508,196
5,5076,-3799.6468991688307,165
5,5077,-3789.789090721881,115
5,5078,-3809.9388966671386,162
5,5079,-3813.1622959409224,180
5,5080,-3813.16229594017,177
5,5081,-3811.2673015175646,145
5,5082,-3801.379867682774,128
5,5083,-3796.2038538815377,129
5,5084,-3799.601243833553,106
5,5085,-3805.360878073967,144
5,5086,-3805.561868695133,79
5,5087,-3828.436581342554,436
5,5088,-3791.7250287150837,56
5,5089,-3820.7944810499303,128
5,5090,-3798.033261801359,375
5,5091,-3814.3979896338806,174
5,5092,-3799.601243830806,76
5,5093,-3796.5452457438932,223
5,5094,-3793.449394287647,66
5,5095,-3810.4093592015297,158
5,5096,-3806.6464640149406,92
5,5097,-3833.322456913449,130
5,5098,-3816.386187044737,129
5,5099,-3801.137780600876,446
6,6000,-3758.643716660728,224
6,6001,-3763.6018448472487,247
6,6002,-3713.7970561091493,126
6,6003,-3749.91379266071,96
6,6004,-3726.2896417698657,354
6,6005,-3705.712786836605,500
6,6006,-3734.6407766929424,280
6,6007,-3724.5162893397724,99
6,6008,-3742.6914717750556,538
6,6009,-3713.0353914062885,117
6,6010,-3730.1401687844136,387
6,6011,-3748.5940151508134,190
6,6012,-3752.5772087003797,151
6,6013,-3722.696021307127,98
6,6014,-3717.789352233954,224
6,6015,-3764.797900870132,553
6,6016,-3747.8972036718715,182
6,6017,-3732.4896709214813,78
6,6018,-3707.5113377738835,173
6,6019,-3714.648718617209,320
6,6020,-3741.9643671414906,265
6,6021,-3743.5756266396083,240
6,6022,-3726.2896417725015,276
6,6023,-3721.709289468562,816
6,6024,-3772.3478811803766,339
6,6025,-3724.8744398009567,78
6,6026,-3720.4222480028666,241
6,6027,-3722.249904660687,706
6,6028,-3714.256594751062,184
6,6029,-3721.8623885256793,965
6,6030,-3731.287258263338,280
6,6031,-3789.9978667132323,295
6,6032,-3737.7825689924903,467
6,6033,-3763.6246255113138,114
6,6034,-3736.900433542808,235
6,6035,-3710.175732884398,96
6,6036,-3729.118781069855,329
6,6037,-3710.1757328622753,65
6,6038,-3737.23362306514,345
6,6039,-3736.7734819393836,70
6,6040,-3731.3173830957912,82
6,6041,-3726.0081936910615,403
6,6042,-3714.1519024726235,335
6,6043,-3720.4074792721185,115
6,6044,-3736.6053780517823,122
6,6045,-3717.9298794059146,296
6,6046,-3719.9327562341596,120
6,6047,-3709.4444837095325,224
6,6048,-3755.4826909362328,393
6,6049,-3729.9242632705145,143
6,6050,-3724.8720464486987,168
6,6051,-3739.558579989997,101
6,6052,-3713.864406149377,128
6,6053,-3729.1193183907203,96
6,6054,-3759.0594694173546,355
6,6055,-3788.2806539319577,183
6,6056,-3742.4342722461683,156
6,6057,-3733.079173341483,245
6,6058,-3755.9491317138336,97
6,6059,-3747.041977364947,267
6,6060,-3739.8823741292945,228
6,6061,-3751.311648570195,235
6,6062,-3718.2640933200014,429
6,6063,-3730.1550175426914,373
6,6064,-3715.926213114181,250
6,6065,-3710.1524499713455,160
6,6066,-3724.521872637412,82
6,6067,-3718.847784852659,131
6,6068,-3747.938916015293,378
6,6069,-3759.1198341851905,472
6,6070,-3745.1141390117273,336
6,6071,-3731.239236270575,71
6,6072,-3723.64752207847,107
6,6073,-3718.3968362547816,136
6,6074,-3734.7963880690722,456
6,6075,-3713.505037680762,110
6,6076,-3734.6133757682455,118
6,6077,-3730.7941564755038,97
6,6078,-3715.2892341678626,1724
6,6079,-3719.29207422336,316
6,6080,-3711.5419467232005,172
6,6081,-3714.5967260710663,163
6,6082,-3723.444001802768,132
6,6083,-3731.4640553651498,744
6,6084,-3724.4724183261505,107
6,6085,-3756.278649369973,246
6,6086,-3724.888799038351,165
6,6087,-3737.195871018871,781
6,6088,-3771.717049052783,224
6,6089,-3735.257082022138,165
6,6090,-3727.601001464271,152
6,6091,-3718.3138921701698,213
6,6092,-3719.9575560686053,179
6,6093,-3717.7893522386994,142
6,6094,-3725.0828676662613,597
6,6095,-3713.2045856100012,300
6,6096,-3716.820174458312,112
6,6097,-3728.3719806023764,97
6,6098,-3736.7887894314827,361
6,6099,-3740.1696817396164,254
7,7000,-3662.965347803164,294
7,7001,-3662.944999538215,233
7,7002,-3631.2966454484463,189
7,7003,-3683.330835574504,96
7,7004,-3668.1159756614206,143
7,7005,-3706.873475758127,315
7,7006,-3652.01064215496,486
7,7007,-3683.5283174840897,266
7,7008,-3668.7686492801786,220
7,7009,-3692.8519945076596,198
7,7010,-3672.7010545761386,220
7,7011,-3672.571549700151,2000
7,7012,-3702.921834939266,96
7,7013,-3649.090844292961,417
7,7014,-3659.812327656321,219
7,7015,-3663.213709293051,877
7,7016,-3665.442961809303,195
7,7017,-3669.2655387602026,868
7,7018,-3666.7277851066065,301
7,7019,-3648.327545288198,132
7,7020,-3682.122862473694,115
7,7021,-3704.4475070908484,319
7,7022,-3658.592192903528,382
7,7023,-3668.938746169504,273
7,7024,-3674.666463987587,312
7,7025,-3656.903987486119,291
7,7026,-3675.8297461280326,412
7,7027,-3657.5415738593156,433
7,7028,-3648.9875082788744,62
7,7029,-3664.8609675482176,409
7,7030,-3669.2795249017263,324
7,7031,-3676.677968199838,445
7,7032,-3675.3490121371574,131
7,7033,-3665.2009749384306,128
7,7034,-3659.850835160345,215
7,7035,-3668.8456353444735,1403
7,7036,-3669.5416337008915,475
7,7037,-3646.8755620215506,137
7,7038,-3669.634313028287,150
7,7039,-3641.0879533481807,492
7,7040,-3663.5634835520314,291
7,7041,-3664.1980905911023,629
7,7042,-3692.3979220639967,151
7,7043,-3669.627126965548,99
7,7044,-3684.937922792935,465
7,7045,-3664.269476011872,171
7,7046,-3668.8738833146654,147
7,7047,-3691.422974449513,260
7,7048,-3661.2444086036203,166
7,7049,-3680.1877506852684,324
7,7050,-3652.5061256021213,240
7,7051,-3657.8314752633187,349
7,7052,-3664.094170957783,573
7,7053,-3674.462637907751,539
7,7054,-3704.7035061431166,86
7,7055,-3680.6050414689325,178
7,7056,-3660.947666178865,242
7,7057,-3707.5830758317925,156
7,7058,-3663.083731554286,156
7,7059,-3657.6490875662157,414
7,7060,-3693.3490769533246,799
7,7061,-3672.9001429119567,539
7,7062,-3662.2143317942023,153
7,7063,-3663.528272043128,188
7,7064,-3679.999587083843,1065
7,7065,-3699.0036876784698,383
7,7066,-3677.217527523297,620
7,7067,-3669.8280901394714,184
7,7068,-3681.643460428091,95
7,7069,-3653.2473636788523,204
7,7070,-3673.285077210635,729
7,7071,-3643.0480037329585,493
7,7072,-3662.0588730549234,236
7,7073,-3662.4278360855146,325
7,7074,-3664.949361883088,194
7,7075,-3641.3035815420167,147
7,7076,-3671.1945857800006,155
7,7077,-3658.43490800548,113
7,7078,-3663.5282720091764,302
7,7079,-3673.33363356844,133
7,7080,-3654.582273799861,127
7,7081,-3658.9573772844233,85
7,7082,-3690.782818028634,135
7,7083,-3669.4587227266425,306
7,7084,-3685.422183803274,190
7,7085,-3652.340234216894,213
7,7086,-3651.293543537152,189
7,7087,-3680.9123665798447,100
7,7088,-3671.2733677375654,176
7,7089,-3685.0570210796704,147
7,7090,-3682.0215572040665,86
7,7091,-3693.662611449228,375
7,7092,-3673.286579528197,346
7,7093,-3666.6144692161233,112
7,7094,-3668.4477265542337,182
7,7095,-3659.1856286924485,188
7,7096,-3666.9002822051802,320
7,7097,-3663.235621667084,231
7,7098,-3667.925190868601,1160
7,7099,-3666.04723958568,228
8,8000,-3639.9455891828047,222
8,8001,-3629.0643208028314,416
8,8002,-3626.4012990366223,106
8,8003,-3609.6160020934194,490
8,8004,-3614.6675701412487,76
8,8005,-3611.6304676514383,182
8,8006,-3623.274834197735,360
8,8007,-3616.939753529049,148
8,8008,-3637.2124908031474,166
8,8009,-3583.4535089330093,129
8,8010,-3590.8711946230887,291
8,8011,-3618.9636327012295,129
8,8012,-3643.288763515172,264
8,8013,-3614.5955235553574,879
8,8014,-3606.52200097088,189
8,8015,-3623.7447573881554,141
8,8016,-3600.3685260505235,451
8,8017,-3602.8131281783785,128
8,8018,-3609.0091119700587,163
8,8019,-3609.7577195106674,381
8,8020,-3629.693875193482,358
8,8021,-3599.1243653327037,337
8,8022,-3610.0436318356706,302
8,8023,-3616.6162417992664,167
8,8024,-3625.6632819492243,379
8,8025,-3629.8296866319674,302
8,8026,-3609.935709238472,187
8,8027,-3611.6999972955473,157
8,8028,-3627.1314585675977,554
8,8029,-3606.4838122525707,586
8,8030,-3617.70121294262,124
8,8031,-3642.901973415687,89
8,8032,-3600.9577499155585,224
8,8033,-3661.7032472481023,456
8,8034,-3612.869500582995,338
8,8035,-3606.089983577179,187
8,8036,-3601.2487388489417,118
8,8037,-3634.448605691882,265
8,8038,-3599.461434590776,355
8,8039,-3593.835463575676,352
8,8040,-3612.1003307784804,372
8,8041,-3600.857439487832,485
8,8042,-3613.6202581898715,168
8,8043,-3617.592219636199,157
8,8044,-3608.991417049902,290
8,8045,-3619.811530703421,345
8,8046,-3637.115410881498,145
8,8047,-3610.648242559075,520
8,8048,-3631.469744909714,319
8,8049,-3606.237852152145,1105
8,8050,-3635.7989809858964,216
8,8051,-3615.7536962968516,657
8,8052,-3635.4239440916854,754
8,8053,-3617.3133202218555,1867
8,8054,-3623.9954702895257,216
8,8055,-3588.263909480568,163
8,8056,-3605.4697928458886,104
8,8057,-3611.484067490205,103
8,8058,-3620.0504193312963,182
8,8059,-3609.8397170392573,112
8,8060,-3609.248297000022,280
8,8061,-3605.7892122006506,395
8,8062,-3615.6008439579605,137
8,8063,-3619.767088312444,184
8,8064,-3596.0112634743064,209
8,8065,-3616.9251890227774,354
8,8066,-3619.2913781958805,240
8,8067,-3616.9627180618845,475
8,8068,-3612.926165450277,205
8,8069,-3618.9002068746477,496
8,8070,-3630.3694109535068,399
8,8071,-3616.3334663310216,228
8,8072,-3602.271178137798,129
8,8073,-3636.6478904887203,73
8,8074,-3613.7152235154513,101
8,8075,-3615.0159435896057,260
8,8076,-3609.7830231701273,186
8,8077,-3613.55186366751,159
8,8078,-3639.255624811834,458
8,8079,-3609.55916769976,143
8,8080,-3628.978376825801,110
8,8081,-3611.554957981629,227
8,8082,-3630.347654760929,169
8,8083,-3601.097397024046,86
8,8084,-3592.128072286916,409
8,8085,-3584.4533666267644,199
8,8086,-3613.3235051739407,285
8,8087,-3612.4538487407362,87
8,8088,-3607.5069560698057,331
8,8089,-3629.1003591533413,159
8,8090,-3604.2250434732923,154
8,8091,-3605.8730211769534,600
8,8092,-3611.156041733624,233
8,8093,-3635.7946895842847,171
8,8094,-3602.859376965175,758
8,8095,-3616.380352562693,641
8,8096,-3602.618707140873,437
8,8097,-3626.7050985450032,202
8,8098,-3606.961309207102,551
8,8099,-3595.817172967839,196
9,9000,-3581.9109722403336,254
9,9001,-3565.654689085913,273
9,9002,-3594.5245717145754,1298
9,9003,-3590.104464979683,183
9,9004,-3568.2080800330555,142
9,9005,-3572.6717232801684,231
9,9006,-3554.125410276643,1304
9,9007,-3563.1918494035144,180
9,9008,-3575.699866656358,519
9,9009,-3577.102304653193,393
9,9010,-3593.5011046304594,421
9,9011,-3568.50734604281,462
9,9012,-3581.542152404374,220
9,9013,-3591.9371504440323,227
9,9014,-3542.0445366343765,502
9,9015,-3549.982755075871,239
9,9016,-3553.0789520016097,377
9,9017,-3572.875219428348,207
9,9018,-3549.989740310689,641
9,9019,-3558.940864935841,226
9,9020,-3615.2540175671847,175
9,9021,-3587.7935381285597,105
9,9022,-3577.582690800544,164
9,9023,-3563.6043039588285,365
9,9024,-3537.353010678027,784
9,9025,-3548.643003359431,139
9,9026,-3589.456047484866,292
9,9027,-3581.1089444169957,177
9,9028,-3573.396081268823,153
9,9029,-3579.689552528718,164
9,9030,-3552.2117309079013,896
9,9031,-3569.8423869631706,282
9,9032,-3569.324798364657,172
9,9033,-3577.9286295665843,122
9,9034,-3585.0986815126844,1242
9,9035,-3557.2227245337126,408
9,9036,-3580.6321548826504,253
9,9037,-3562.750071000046,295
9,9038,-3548.3932845951267,186
9,9039,-3558.792016674853,303
9,9040,-3529.558162476451,258
9,9041,-3583.638437795439,180
9,9042,-3554.4406584324424,243
9,9043,-3567.445625985478,251
9,9044,-3556.6562287484185,305
9,9045,-3553.883488170264,191
9,9046,-3573.1030615330774,527
9,9047,-3549.4455402781505,80
9,9048,-3616.6040391196775,173
9,9049,-3566.0403180141634,82
9,9050,-3535.097907103879,273
9,9051,-3568.30437213331,250
9,9052,-3578.4620310971322,540
9,9053,-3556.748771634263,365
9,9054,-3570.029712118854,314
9,9055,-3566.246319149945,572
9,9056,-3560.9982353498635,190
9,9057,-3571.228055779235,193
9,9058,-3566.3409636155448,298
9,9059,-3557.9312408080914,189
9,9060,-3560.5896308357223,964
9,9061,-3566.124730634724,255
9,9062,-3562.9991082531456,236
9,9063,-3577.89210453109,477
9,9064,-3588.4683704541503,743
9,9065,-3554.589271670373,129
9,9066,-3564.5391985309443,184
9,9067,-3584.9202431121817,261
9,9068,-3592.6510834052588,248
9,9069,-3573.671936133875,367
9,9070,-3558.891584963075,130
9,9071,-3617.411263034455,112
9,9072,-3595.8625990210494,319
9,9073,-3554.5348008404817,523
9,9074,-3533.179260390735,191
9,9075,-3590.7001249747323,193
9,9076,-3565.6299633445383,308
9,9077,-3547.4698730505197,479
9,9078,-3532.1225347452755,1533
9,9079,-3590.6397554267614,129
9,9080,-3606.8763421190097,279
9,9081,-3578.867624582502,109
9,9082,-3615.122343172391,195
9,9083,-3554.562552923612,100
9,9084,-3588.0004520812813,280
9,9085,-3585.566186314153,103
9,9086,-3621.7280802271393,186
9,9087,-3552.5200380556544,1061
9,9088,-3576.582255734508,590
9,9089,-3592.4018839157366,316
9,9090,-3577.988381821554,416
9,9091,-3549.3986302650383,210
9,9092,-3556.5285622823503,778
9,9093,-3593.6155916963426,252
9,9094,-3539.954347129301,269
9,9095,-3563.448084127024,384
9,9096,-3575.0107910895013,366
9,9097,-3541.00947601571,1008
9,9098,-3585.17569175093,178
9,9099,-3601.812762275821,299
10,10000,-3546.283531380042,444
10,10001,-3518.634658626881,491
10,10002,-3565.017733825191,293
10,10003,-3568.785293095636,210
10,10004,-3533.041569869727,282
10,10005,-3570.29157110531,213
10,10006,-3531.353464824906,549
10,10007,-3515.42819568537,328
10,10008,-3499.6904089344093,798
10,10009,-3508.9873200089323,251
10,10010,-3534.380283936936,142
10,10011,-3532.2830809597317,284
10,10012,-3563.253102460414,160
10,10013,-3567.36584872042,257
10,10014,-3543.182809056161,86
10,10015,-3538.231930187536,627
10,10016,-3548.059160008695,1245
10,10017,-3484.6109300331404,336
10,10018,-3545.510991153448,475
10,10019,-3548.3122704449297,565
10,10020,-3503.3117465611076,585
10,10021,-3508.5489105699444,354
10,10022,-3556.413382371795,121
10,10023,-3511.429204273382,793
10,10024,-3527.056510587263,155
10,10025,-3553.779385655634,198
10,10026,-3516.4233014979613,284
10,10027,-3524.374623738765,780
10,10028,-3533.6029902852574,369
10,10029,-3528.0996922079835,202
10,10030,-3521.4360337796584,1040
10,10031,-3542.1920676517566,386
10,10032,-3571.606820762744,224
10,10033,-3526.7706130488823,421
10,10034,-3546.8403346658256,389
10,10035,-3544.0703209531903,111
10,10036,-3558.7455920704447,166
10,10037,-3529.9143816359497,99
10,10038,-3531.144347392835,1169
10,10039,-3538.877470855004,439
10,10040,-3518.598912193923,158
10,10041,-3515.5459684708912,668
10,10042,-3544.2002514610867,212
10,10043,-3555.7677985466908,142
10,10044,-3555.8401597440657,628
10,10045,-3531.5051895245592,736
10,10046,-3533.568795959045,303
10,10047,-3514.0883835778513,465
10,10048,-3540.497016210693,300
10,10049,-3515.747531801305,923
10,10050,-3523.226412087688,187
10,10051,-3534.835406092254,939
10,10052,-3510.0471235199084,291
10,10053,-3551.046121272732,360
10,10054,-3520.348767009199,242
10,10055,-3549.158087846539,111
10,10056,-3539.315985291207,148
10,10057,-3535.58099196035,368
10,10058,-3542.110618737189,190
10,10059,-3528.3033665884755,383
10,10060,-3532.349535312897,71
10,10061,-3526.977482426217,235
10,10062,-3557.45089628765,86
10,10063,-3537.0665262717393,839
10,10064,-3551.279107410969,410
10,10065,-3571.9420704254508,232
10,10066,-3529.4613777971144,177
10,10067,-3491.5819398926387,591
10,10068,-3515.6507910316573,200
10,10069,-3546.5291023682385,214
10,10070,-3555.575360955402,828
10,10071,-3572.758919368209,134
10,10072,-3529.888217815847,167
10,10073,-3499.7297410663514,209
10,10074,-3513.3148901911304,145
10,10075,-3512.396542734,167
10,10076,-3498.131838759188,308
10,10077,-3533.6051539368646,402
10,10078,-3532.2382173169103,194
10,10079,-3584.094458198285,322
10,10080,-3491.5725847250897,204
10,10081,-3499.0530496173583,662
10,10082,-3523.504145498615,376
10,10083,-3522.4400383008174,129
10,10084,-3540.5133053137615,208
10,10085,-3553.1725806201507,169
10,10086,-3552.3246056513026,1216
10,10087,-3521.168779653171,986
10,10088,-3521.7095466205965,257
10,10089,-3536.6962846914794,198
10,10090,-3530.691624519481,121
10,10091,-3544.503305835817,439
10,10092,-3524.628970087786,350
10,10093,-3533.332166554697,113
10,10094,-3523.4074380012626,334
10,10095,-3515.0047052638383,802
10,10096,-3550.734441194486,218
10,10097,-3505.5517542666003,665
10,10098,-3502.2644620765614,175
10,10099,-3538.8843039895573,166
