question_id,question_short,dim0,dim1,dim2,question_mean
-1,pi (cluster share),0.5584080177773191,0.2744256303685835,0.1671663518540973,
2861,murder other religions,0.9883740715097576,0.7322864283344606,0.3206553824803544,0.7966101694915254
2883,murder coreligionists,0.9999999999949253,0.8315515718029793,0.5302193993285093,0.8781163434903048
2887,honouring oaths,0.9743216752947077,0.9848409814234723,0.7574922971488789,0.9453551912568307
2898,ritual observance,0.8896103529865941,0.9999999999982995,0.9312657685774679,0.9299191374663073
2899,other elite loyalty,0.11338923570167243,0.3574787969014991,0.27386208699105463,0.19003115264797507
2902,non-lethal fighting,0.9456940225375978,0.8667340623175132,0.20575941681347473,0.7811550151975684
2910,is kin to elites,0.02117077548785152,0.19204610846780418,0.2689781764646063,0.1044776119402985
2911,lying,0.9943419687687407,0.9591421651492237,0.4799748479196271,0.8873626373626373
2917,laziness,0.9498045041350963,0.9267892246212293,0.18676569171328797,0.8221574344023324
2921,property crimes,0.9894559196194653,0.999999999998896,0.5025647885020772,0.896358543417367
2923,shirking risk,0.7242954304391923,0.9197774923384231,0.09933156865808135,0.654485049833887
2928,prosocial norm adherence,0.9770509159529996,0.9642241949371846,0.7957195941650085,0.9455040871934605
2930,performance of rituals,0.9240891972770285,0.9905356499051271,0.9471149828012587,0.9486486486486486
2939,personal hygiene,0.7521322401445729,0.9742905153033942,0.3135997125247425,0.7484848484848485
2941,is anthropomorphic,0.534198972850114,0.6887939701828887,0.7475393491972959,0.6197604790419161
2942,gossiping,0.9319363821631466,0.9408141496832063,0.08602846741065899,0.7810650887573964
2944,is chthonic,0.09449414161743877,0.18049497684045895,0.0915145894730406,0.11144578313253012
2948,is sky deity,0.4015870249286811,0.7167550896759769,0.7509018523865612,0.5512048192771084
2958,is monarch fused,0.053702907127551804,0.30117728092014157,0.0715220747195383,0.12195121951219512
2962,sorcery,0.9279394424687111,0.8986033236053652,0.2914859073383233,0.8290598290598291
2970,taboos,0.7995849316373935,0.938153757243145,0.6798751318458771,0.8192090395480226
2972,murder other polities,0.9962943511272542,0.6787450486638579,0.34143254208411006,0.7847025495750708
2974,disrespecting elders,0.9695788619010114,0.9999999999986814,0.5304579491783643,0.8914285714285715
2978,sex,0.9722749515279863,0.8855416954879903,0.4205331485544928,0.8670360110803325
2982,conversion non-religionists,0.8630566412604013,0.5941406845816579,0.055529213274088274,0.6507042253521127
2984,is unquestionably good,0.9999999999983237,0.8993825070493656,0.3973687130127134,0.8685015290519877
2985,economic fairness,0.9317287923335225,0.8649766573425003,0.193691605116789,0.7813411078717201
3192,positive emotion,0.8363317532071582,0.9999999999985996,0.830198983686508,0.8840125391849529
3218,permissible to worship other god?,0.17481165164216894,0.5527551606037073,0.8273675408509383,0.3780487804878049
3229,negative emotion,0.7109857471884607,0.94933192898634,0.7109657808482359,0.759375
3233,knowledge this world,0.9999999999994607,0.999999999998863,0.9765618446125219,0.9970059880239521
3247,causal efficacy the world,0.9768110455466816,0.973400307112701,0.9531972945045343,0.9695121951219512
3283,possesses hunger,0.10421509293850756,0.5690043501238986,0.5637336664643946,0.31210191082802546
3288,indirect causal efficacy the world,0.7397688734699397,0.8770403911064607,0.921975569977607,0.8038585209003215
3296,communicates with living,0.9517565045386774,0.9952719859162863,0.8307111944545466,0.9495268138801262
3328,is monarch manifestation,0.07696278960727056,0.5224654032144291,0.21334375024942115,0.21779141104294478
