question_id,question_short,dim0,dim1,dim2,dim3,dim4,question_mean
-1,pi (cluster share),0.27342753070918335,0.31259416439095744,0.16041175507317199,0.07501396249337336,0.17855258733331375,
2861,murder other religions,0.9999999999987536,0.9720282509575463,0.29656811723049,0.12077455300210792,0.9999999999983176,0.7966101694915254
2883,murder coreligionists,0.9999999999988585,0.9908819609806471,0.510536273544921,0.4308550319292474,0.9999999999983967,0.8781163434903048
2887,honouring oaths,0.9693633801065474,0.972107263041399,0.7380900856980531,0.9999999999962755,0.9999999999983841,0.9453551912568307
2898,ritual observance,0.9471649758411047,0.924813092611023,0.9461187240896938,0.9999999999962168,0.8499564277069857,0.9299191374663073
2899,other elite loyalty,0.2860941162360736,0.05592578532661765,0.3089906982559297,0.48075947759629434,0.152652027127994,0.19003115264797507
2902,non-lethal fighting,0.8966528070924087,0.943015944150042,0.16741816909055895,0.9166128741721608,0.9283776178744054,0.7811550151975684
2910,is kin to elites,0.13392658513551708,0.011549770504886557,0.30202237907857943,0.20152271879111586,0.03464402817703171,0.1044776119402985
2911,lying,0.9693624454200727,0.9999999999990852,0.45568092439043356,0.9612983877074894,0.9826594335424987,0.8873626373626373
2917,laziness,0.9244105975944955,0.9573149602774585,0.20187645237014318,0.9645530747113888,0.8935209750201379,0.8221574344023324
2921,property crimes,0.9999999999989082,0.981318472102932,0.484798782603286,0.9999999999962084,0.9999999999982521,0.896358543417367
2923,shirking risk,0.8887015436239885,0.7591168948828341,0.10131730181340932,0.9999999999960949,0.5409378668721296,0.654485049833887
2928,prosocial norm adherence,0.9598650249966265,0.9719423507211089,0.7876730824707703,0.9999999999962716,0.9824495317595409,0.9455040871934605
2930,performance of rituals,0.9860036996104058,0.9311032553664437,0.9630632974429928,0.9999999999962167,0.8735056902782183,0.9486486486486486
2939,personal hygiene,0.9524771204699799,0.6269436065209514,0.3263235790655263,0.9999999999959619,0.8735540118045974,0.7484848484848485
2941,is anthropomorphic,0.7444075276395733,0.6578243538360169,0.8058271910032259,0.31663644749623804,0.25436124682871547,0.6197604790419161
2942,gossiping,0.9655211229513609,0.9185922042684813,0.07815351186156759,0.9176965524733,0.9135664786897859,0.7810650887573964
2944,is chthonic,0.0896988949347214,0.08166947941623992,0.09643467414757502,0.38411499427267803,0.12792718256099603,0.11144578313253012
2948,is sky deity,0.6112795599698715,0.4006862832525802,0.7634877857652244,0.8377249962213226,0.37635531436219805,0.5512048192771084
2958,is monarch fused,0.26449747783243155,0.03866252624604965,0.051776200354956205,0.22322108809275598,0.08104665686901967,0.12195121951219512
2962,sorcery,0.9049382432715399,0.95507139684107,0.3025573194066912,0.9999999999958933,0.8187061276659399,0.8290598290598291
2970,taboos,0.9268780180037206,0.770711405102047,0.6653728712312557,0.924075140587315,0.8231996034257191,0.8192090395480226
2972,murder other polities,0.9999999999981157,0.982491821849322,0.30349659775390286,4.116596153186113e-12,0.9999999999981494,0.7847025495750708
2974,disrespecting elders,0.9999999999987497,0.9518154413085634,0.5091247462638449,0.9999999999961946,0.9873699124627269,0.8914285714285715
2978,sex,0.9065708479631042,0.9807645178751149,0.4137927183866858,0.8869578633490438,0.947330397644822,0.8670360110803325
2982,conversion non-religionists,0.6964370756178503,0.9591981694194731,0.07341128189057808,0.4999438183185938,0.6486225530075567,0.6507042253521127
2984,is unquestionably good,0.9116563218674191,0.9999999999990051,0.38794299116452496,0.9577185321448146,0.9799018615951285,0.8685015290519877
2985,economic fairness,0.9137041965735172,0.9376278835129467,0.16886975741905758,0.8447727711299494,0.860314337572292,0.7813411078717201
3192,positive emotion,0.999999999998688,0.9999999999989967,0.8733296589900087,0.9999999999957702,0.3910871652486295,0.8840125391849529
3218,permissible to worship other god?,0.6195433903360524,0.04559014120271545,0.8198719840748238,0.3473429125428692,0.2718950480064481,0.3780487804878049
3229,negative emotion,0.9419875293636586,0.9999999999973548,0.7719405826476932,0.9158178977060707,4.891953246528238e-12,0.759375
3233,knowledge this world,0.9999999999988559,0.9999999999990679,0.9752662967482797,0.9999999999961303,0.9999999999981832,0.9970059880239521
3247,causal efficacy the world,0.982819759944552,0.9902013212823859,0.9519312267598217,0.9612959578510827,0.9417391572281528,0.9695121951219512
3283,possesses hunger,0.5676455628514827,0.042474664117646006,0.6254787144138824,0.5745170603240999,1.9474588922130243e-12,0.31210191082802546
3288,indirect causal efficacy the world,0.7487044984492426,0.7533075973613047,0.9164965596149776,0.9597480852924926,0.826805957912721,0.8038585209003215
3296,communicates with living,0.9935937136365608,0.9803123570118133,0.8519858266919613,0.9999999999946655,0.8525522209243066,0.9495268138801262
3328,is monarch manifestation,0.4742672236936416,0.031133671583824594,0.19811849869525952,0.5045295125213962,0.057459346407561576,0.21779141104294478
